Time for Cap.1 (min);Scattering for Cap.1 ;Time for Cap.1 (min);Cumulant Radius for Cap.1 (nm);Time for Cap.2 (min);Scattering for Cap.2 ;Time for Cap.2 (min);Cumulant Radius for Cap.2 (nm);Time for Cap.3 (min);Scattering for Cap.3 ;Time for Cap.3 (min);Cumulant Radius for Cap.3 (nm);Time for Cap.4 (min);Scattering for Cap.4 ;Time for Cap.4 (min);Cumulant Radius for Cap.4 (nm);Time for Cap.5 (min);Scattering for Cap.5 ;Time for Cap.5 (min);Cumulant Radius for Cap.5 (nm);Time for Cap.6 (min);Scattering for Cap.6 ;Time for Cap.6 (min);Cumulant Radius for Cap.6 (nm);Time for Cap.7 (min);Scattering for Cap.7 ;Time for Cap.7 (min);Cumulant Radius for Cap.7 (nm)
1.085369;1359912;1.085369;4.346314;1.185369;744418.4;1.185369;3.673358;1.002035;399234;1.002035;1.677651;1.268702;7.389057E+08;11.23537;817.168;0.9020354;7.60549E+08;0.9020354;36.58077;1.368702;5.354194E+08;1.368702;39.25304;0.818702;3.190823E+08;0.818702;56.05572
11.05204;1186686;11.05204;3.893841;11.15204;781970.4;11.15204;3.665611;10.9687;435367.2;10.9687;3.615411;11.23537;1.625293E+07;21.25204;671.4847;10.8687;7.428089E+08;10.8687;36.35812;11.33537;5.154799E+08;11.33537;40.2735;10.78537;1.788304E+08;10.78537;61.83691
21.05203;1136742;21.05203;3.707244;21.15203;904361.6;21.15203;4.456699;20.9687;456594.3;20.9687;6.072024;21.25204;3.801928E+07;31.25204;1086.81;20.8687;7.527635E+08;20.8687;37.71719;21.33537;5.279285E+08;21.33537;42.57549;20.78537;1.330099E+08;20.78537;62.60659
31.05203;1235286;31.05203;4.119967;31.15203;1027555;31.15203;5.134806;30.9687;413832.3;30.9687;3.87363;31.25204;3065468;41.25203;919.0446;30.88537;7.147024E+08;30.88537;36.38146;31.33537;5.222651E+08;31.33537;42.89833;30.78537;1.023401E+08;30.78537;63.02692
41.0687;1265167;41.0687;4.180104;41.15203;838565.7;41.15203;4.72888;40.9687;494189.5;40.9687;2.784124;41.25203;4.658749E+07;51.23537;1712.369;40.88537;7.450705E+08;40.88537;36.8568;41.33537;5.250451E+08;41.33537;43.81789;40.78537;1.012434E+08;40.78537;65.19332
51.05204;1097837;51.05204;3.613174;51.13537;813463.6;51.13537;4.226594;50.95203;471257.1;50.95203;2.320733;51.23537;4102755;61.23537;1558.851;50.8687;7.306045E+08;50.8687;36.37814;51.3187;5.31961E+08;51.3187;44.20872;50.7687;9.408049E+07;50.7687;66.13187
61.05204;1150059;61.05204;3.819947;61.13537;867294.4;61.13537;4.401638;60.95203;419527.9;60.95203;2.276583;61.23537;919197.4;71.23537;1450.365;60.8687;7.443446E+08;60.8687;37.24124;61.3187;5.223449E+08;61.3187;44.49981;60.7687;1.007212E+08;60.7687;69.70351
71.05203;1128035;71.05203;3.703028;71.15203;792569;71.15203;4.081399;70.95203;412509;70.95203;3.182041;71.23537;730355.6;81.23537;1592.63;70.8687;7.223727E+08;70.8687;36.24662;71.33537;5.130892E+08;71.33537;44.86265;70.7687;9.270694E+07;70.7687;71.46988
81.05203;1147153;81.05203;3.817962;81.15203;750000.8;81.15203;3.753753;80.95203;378927.5;80.95203;3.001677;81.23537;886971.8;91.23537;1544.369;80.8687;7.096729E+08;80.8687;36.60096;81.33537;5.206179E+08;81.33537;45.85101;80.7687;8.522565E+07;80.7687;68.99448
91.05203;1133102;91.05203;3.771059;91.15203;720745.6;91.15203;3.873905;90.95203;488536.8;90.95203;2.066644;91.23537;1069871;101.2354;1646.661;90.8687;7.164761E+08;90.8687;36.79169;91.33537;5.218433E+08;91.33537;45.94764;90.78537;8.961493E+07;90.78537;73.62153
101.052;1125491;101.052;3.737793;101.152;682330.1;101.152;3.509505;100.9687;392223;100.9687;3.867667;101.2354;802988.1;111.2354;1869.071;100.8687;7.136925E+08;100.8687;36.5611;101.3354;4.976569E+08;101.3354;46.02197;100.7854;7.350265E+07;100.7854;65.24148
111.052;1191943;111.052;3.976555;111.152;731889.6;111.152;3.452125;110.9687;1010006;110.9687;40.89589;111.2354;942463.9;121.2354;2357.328;110.8687;7.168639E+08;110.8687;37.0085;111.3354;4.902771E+08;111.3354;47.46515;110.7854;8.66176E+07;110.7854;73.88334
121.052;1309672;121.052;4.475148;121.152;719630.6;121.152;3.814245;120.9687;489585.5;120.9687;4.476161;121.2354;806810;131.252;1632.714;120.8687;7.423591E+08;120.8687;37.22456;121.3354;5.071755E+08;121.3354;47.17405;120.7854;7.483256E+07;120.7854;65.79234
131.052;1250505;131.052;4.138308;131.152;741742.1;131.152;3.921838;130.9687;428162;130.9687;6.001693;131.252;740639.1;141.252;1646.763;130.8687;7.308743E+08;130.8687;36.63092;131.3354;4.934148E+08;131.3354;47.26655;130.7854;7.833076E+07;130.7854;70.44275
141.052;1171797;141.052;3.935294;141.152;889291;141.152;5.496443;140.9687;403992.8;140.9687;3.291763;141.252;841569;151.252;1492.391;140.8687;7.384783E+08;140.8687;37.48898;141.3354;4.821485E+08;141.3354;46.96908;140.7854;9.173096E+07;140.7854;73.84387
151.0687;1172756;151.0687;3.948188;151.152;748796;151.152;3.795884;150.9687;475420.1;150.9687;2.935117;151.252;753834.8;161.2354;1503.887;150.8854;7.415929E+08;150.8854;37.74485;151.3354;5.223554E+08;151.3354;49.09732;150.7854;7.475499E+07;150.7854;70.51223
161.052;1117182;161.052;3.685623;161.1354;857388;161.1354;4.568683;160.952;457401.9;160.952;3.351627;161.2354;876086.8;171.2354;1930.756;160.8687;7.197068E+08;160.8687;36.75499;161.3187;5.041988E+08;161.3187;49.19319;160.7687;7.316051E+07;160.7687;68.58438
171.052;1323540;171.052;4.554204;171.1354;716492.9;171.1354;3.787396;170.952;460594;170.952;1.284207;171.2354;961177.6;181.2354;1682.703;170.8687;7.388945E+08;170.8687;38.50778;171.3187;4.908595E+08;171.3187;48.98281;170.7687;7.440477E+07;170.7687;68.69895
181.052;1195717;181.052;4.115651;181.152;702987.1;181.152;3.601951;180.952;374608.7;180.952;2.961891;181.2354;896595.6;191.2354;1225.84;180.8687;7.243333E+08;180.8687;37.33442;181.3354;4.990944E+08;181.3354;49.52689;180.7687;9.610385E+07;180.7687;78.68604
191.052;1329847;191.052;4.506972;191.152;735496.4;191.152;3.949348;190.952;429343.5;190.952;3.4531;191.2354;6986791;201.2354;2014.14;190.8687;7.150124E+08;190.8687;37.20453;191.3354;4.87139E+08;191.3354;49.70208;190.7687;1.170986E+08;190.7687;90.51495
201.052;1209144;201.052;4.169634;201.152;773265.8;201.152;3.783967;200.9687;535639.9;200.9687;6.266166;201.2354;846291.9;211.2354;2046.828;200.8687;7.202223E+08;200.8687;37.29295;201.3354;4.965672E+08;201.3354;50.07467;200.7854;7.643031E+07;200.7854;71.03348
211.052;1211908;211.052;4.188679;211.152;782516;211.152;4.250244;210.9687;439695.3;210.9687;4.514565;211.2354;1075353;221.2354;2184.782;210.8687;7.342857E+08;210.8687;37.40734;211.3354;4.871602E+08;211.3354;49.64496;210.7854;7.726071E+07;210.7854;68.79115
221.052;1206128;221.052;4.065002;221.152;952373.7;221.152;5.854809;220.9687;446575.3;220.9687;3.134697;221.2354;962110.9;231.2354;1472.82;220.8687;7.360943E+08;220.8687;37.42666;221.3354;4.826543E+08;221.3354;48.67755;220.7854;8.346968E+07;220.7854;75.79673
231.052;4116393;231.052;357.112;231.152;725852.3;231.152;3.78123;230.9687;374316;230.9687;3.971309;231.2354;1110111;241.252;1816.84;230.8687;7.251353E+08;230.8687;37.96255;231.3354;4.835258E+08;231.3354;49.81195;230.7854;8.677451E+07;230.7854;78.7318
241.052;1509428;241.052;6.196186;241.152;692819.3;241.152;3.753562;240.9687;414626.1;240.9687;4.532384;241.252;1041668;251.252;2856.78;240.8687;7.206532E+08;240.8687;37.61325;241.3354;4.815487E+08;241.3354;50.04101;240.7854;6.482256E+07;240.7854;68.87641
251.0687;1258685;251.0687;4.369385;251.152;735526.6;251.152;4.203661;250.9687;496483.1;250.9687;3.863478;251.252;1087529;261.2354;4238.287;250.8854;7.179901E+08;250.8854;37.92487;251.3354;4.696019E+08;251.3354;49.42719;250.7854;7.406895E+07;250.7854;70.44781
261.052;1302192;261.052;4.460653;261.1354;725051.5;261.1354;3.717852;260.952;470576.2;260.952;2.900842;261.2354;1183812;271.2354;1695.923;260.8687;7.192044E+08;260.8687;37.51855;261.3187;4.867518E+08;261.3187;51.44561;260.7687;7.752762E+07;260.7687;72.17223
271.052;1131854;271.052;3.763896;271.1354;694512.3;271.1354;3.648493;270.952;488145.7;270.952;4.225579;271.2354;1226711;281.2354;2173.986;270.8687;7.404295E+08;270.8687;38.02146;271.3187;4.759684E+08;271.3187;50.63438;270.7687;6.855028E+07;270.7687;73.6997
281.052;1200555;281.052;3.962606;281.152;717712.3;281.152;3.505041;280.952;471544.4;280.952;2.952867;281.2354;1192657;291.2354;2263.131;280.8687;7.186055E+08;280.8687;37.185;281.3354;4.713675E+08;281.3354;52.04422;280.7687;7.826788E+07;280.7687;72.31949
291.052;1127781;291.052;3.717971;291.152;759679.6;291.152;3.852718;290.952;408316.1;290.952;3.316587;291.2354;842505.5;301.2354;1747.607;290.8687;7.234986E+08;290.8687;38.1768;291.3354;4.741636E+08;291.3354;50.68805;290.7687;7.828614E+07;290.7687;75.80662
301.052;1123729;301.052;3.710138;301.152;689657.3;301.152;3.633447;300.952;381781.5;300.952;2.455904;301.2354;1091522;311.2354;2286.005;300.8687;7.3215E+08;300.8687;38.10962;301.3354;4.803619E+08;301.3354;51.43223;300.7853;7.193493E+07;300.7853;70.43681
311.052;1179548;311.052;3.97137;311.152;679445.2;311.152;3.618721;310.9687;484381.8;310.9687;3.368787;311.2354;1251348;321.2354;2006.468;310.8687;7.298362E+08;310.8687;37.0628;311.3354;4.669539E+08;311.3354;51.72532;310.7853;6.602418E+07;310.7853;75.34554
321.052;1144162;321.052;3.919462;321.152;800049.8;321.152;4.295176;320.9687;1787918;320.9687;65.33049;321.2354;1170345;331.252;1579.274;320.8687;7.369855E+08;320.8687;37.47322;321.3354;4.844309E+08;321.3354;51.61287;320.7853;7.133697E+07;320.7853;73.70406
331.052;1239582;331.052;4.219922;331.152;919230.1;331.152;5.679813;330.9687;425526;330.9687;4.212596;331.252;985092.6;341.252;1748.123;330.8687;7.230525E+08;330.8687;37.62273;331.3354;4.795521E+08;331.3354;51.39614;330.7853;6.832308E+07;330.7853;69.32514
341.052;1121294;341.052;3.764027;341.152;722359.9;341.152;3.774362;340.9687;369408.4;340.9687;1.426012;341.252;926789.5;351.252;1676.232;340.8687;7.260027E+08;340.8687;37.27193;341.3354;4.678555E+08;341.3354;51.7053;340.7853;7.805645E+07;340.7853;78.03359
351.052;1172565;351.052;3.952184;351.152;716632.4;351.152;3.767862;350.9687;367983.5;350.9687;1.6001;351.252;1005482;361.252;1512.099;350.8687;7.340595E+08;350.8687;37.92022;351.3354;4.892144E+08;351.3354;51.54723;350.7853;6.403749E+07;350.7853;71.30551
361.052;1074125;361.052;3.585363;361.152;662529.3;361.152;3.496077;360.9687;357721.9;360.9687;2.701762;361.252;954534.4;371.2354;1650.232;360.8687;7.368234E+08;360.8687;37.50626;361.3354;4.486049E+08;361.3354;51.83248;360.7853;7.604119E+07;360.7853;71.5848
371.052;1130200;371.052;3.796304;371.1353;692615.9;371.1353;3.554478;370.952;434191.5;370.952;3.60588;371.2354;1020016;381.2354;1822.013;370.8687;7.257434E+08;370.8687;37.65898;371.3187;4.77558E+08;371.3187;53.16076;370.7687;7.743223E+07;370.7687;76.1957
381.052;1208613;381.052;4.06951;381.1353;673498.1;381.1353;3.693922;380.952;436586.3;380.952;3.797744;381.2354;1220997;391.2354;1567.988;380.8687;7.299354E+08;380.8687;37.68373;381.3187;4.757468E+08;381.3187;51.88913;380.7687;8.911151E+07;380.7687;86.11965
391.052;1395161;391.052;4.793634;391.1353;675511.2;391.1353;3.581312;390.952;352046.7;390.952;2.712565;391.2354;1028864;401.2354;1698.927;390.8687;7.181642E+08;390.8687;37.73291;391.3187;4.551622E+08;391.3187;53.5158;390.7687;7.30883E+07;390.7687;75.32529
401.052;1269342;401.052;4.487021;401.152;695690.1;401.152;3.69498;400.952;375689.9;400.952;3.506081;401.2354;1144131;411.2354;1309.12;400.8687;7.295193E+08;400.8687;37.91497;401.3354;4.675388E+08;401.3354;52.60295;400.7687;6.123228E+07;400.7687;71.60012
411.052;1210247;411.052;4.067707;411.152;657825.1;411.152;3.467206;410.952;377105.2;410.952;4.484017;411.2354;1303879;421.2354;1486.481;410.8687;7.396963E+08;410.8687;37.578;411.3354;4.624095E+08;411.3354;53.33791;410.7687;5.923964E+07;410.7687;69.32328
421.052;1194662;421.052;4.003211;421.152;736767.6;421.152;3.977628;420.952;395679.2;420.952;3.590831;421.2354;1696924;431.2354;2505.151;420.8687;7.413419E+08;420.8687;37.62724;421.3354;4.563445E+08;421.3354;53.39391;420.7853;7.094253E+07;420.7853;78.28101
431.052;1460879;431.052;5.152112;431.152;761461.9;431.152;4.062241;430.9687;342982.2;430.9687;3.195106;431.2354;1866785;441.2354;1978.544;430.8687;7.462125E+08;430.8687;37.36825;431.3354;4.693806E+08;431.3354;53.71296;430.7853;6.591217E+07;430.7853;73.57762
441.052;1143410;441.052;3.844104;441.152;907152.9;441.152;4.822981;440.9687;386257.8;440.9687;4.457102;441.2354;1855474;451.2354;1511.135;440.8687;7.294476E+08;440.8687;37.56475;441.3354;4.642242E+08;441.3354;53.83168;440.7853;6.104115E+07;440.7853;76.08397
451.052;1232034;451.052;4.278703;451.152;743742.6;451.152;4.053049;450.9687;326664.6;450.9687;3.966342;451.2354;1674338;461.252;1657.447;450.8687;7.29143E+08;450.8687;37.72426;451.3354;4.529281E+08;451.3354;54.45764;450.7853;6.325488E+07;450.7853;71.87803
461.052;1159423;461.052;3.884371;461.152;1560969;461.152;114.6894;460.9687;355393.5;460.9687;2.673689;461.252;1507171;471.252;1591.569;460.8687;7.434727E+08;460.8687;37.43151;461.3354;4.769627E+08;461.3354;54.34682;460.7853;7.436283E+07;460.7853;77.54009
471.052;1217274;471.052;4.009057;471.152;716254.3;471.152;3.790727;470.9687;325061.4;470.9687;1.520323;471.252;1925506;481.252;1647.909;470.8687;7.354325E+08;470.8687;38.26772;471.3354;4.576569E+08;471.3354;52.66857;470.7853;6.585284E+07;470.7853;73.38096
481.0687;1266599;481.0687;4.299816;481.152;759618.9;481.152;3.988514;480.9687;375702;480.9687;2.985474;481.252;2714999;491.2354;1870.089;480.8853;7.259713E+08;480.8853;37.55125;481.3354;4.712879E+08;481.3354;53.15229;480.7853;6.069678E+07;480.7853;73.36665
491.052;1505843;491.052;6.362899;491.1353;690977.1;491.1353;3.568739;490.952;349674.3;490.952;3.96934;491.2354;2801923;501.2354;1574.304;490.8687;7.397916E+08;490.8687;37.79219;491.3187;4.629601E+08;491.3187;53.32295;490.7687;6.065549E+07;490.7687;78.31208
501.052;1204793;501.052;4.121796;501.1353;704417.4;501.1353;3.725981;500.952;371492.1;500.952;4.694958;501.2354;2758488;511.2354;1287.851;500.8687;7.342785E+08;500.8687;37.82553;501.3187;4.399038E+08;501.3187;52.63435;500.7687;8.273428E+07;500.7687;85.27461
511.052;1093204;511.052;3.725072;511.152;683130.3;511.152;3.528511;510.952;353037.1;510.952;2.081373;511.2354;2692672;521.2354;1920.198;510.8687;7.307727E+08;510.8687;37.14214;511.3354;4.841544E+08;511.3354;55.4779;510.7687;6.590556E+07;510.7687;78.53254
521.052;1230685;521.052;3.916586;521.152;858039.3;521.152;4.468966;520.9687;431482.1;520.9687;12.26438;521.2354;2373221;531.2354;1161.56;520.8687;7.293448E+08;520.8687;37.07768;521.3353;4.708706E+08;521.3353;53.95145;520.7687;7.520659E+07;520.7687;77.42014
531.052;1167928;531.052;4.010741;531.152;683472.5;531.152;3.490505;530.9687;404955;530.9687;3.586242;531.2354;2797789;541.2354;1769.483;530.8687;7.283514E+08;530.8687;38.26767;531.3353;4.530044E+08;531.3353;54.87136;530.7853;7.864225E+07;530.7853;79.44739
541.052;1187059;541.052;3.903992;541.152;709801.4;541.152;3.804192;540.9687;379009;540.9687;3.556905;541.2354;2776186;551.252;1539.072;540.8687;7.527857E+08;540.8687;38.22542;541.3353;4.542653E+08;541.3353;54.7836;540.7853;8.056562E+07;540.7853;80.80274
551.052;1397617;551.052;4.897074;551.152;772260.1;551.152;3.966817;550.9687;949476.9;550.9687;815.6075;551.252;2467963;561.2521;1771.758;550.8687;7.253378E+08;550.8687;37.72353;551.3353;4.607822E+08;551.3353;54.41528;550.7853;5.837773E+07;550.7853;71.26742
561.0521;1270277;561.0521;4.125918;561.1521;708894;561.1521;3.484654;560.9688;402399.2;560.9688;4.215115;561.2521;3284157;571.2521;1307.987;560.8688;7.247941E+08;560.8688;37.8763;561.3354;4.426056E+08;561.3354;53.21321;560.7854;7.660953E+07;560.7854;79.74916
571.0687;1187483;571.0687;3.859262;571.1521;714677.8;571.1521;3.53535;570.9688;396529.4;570.9688;2.913221;571.2521;3382369;581.2354;1692.471;570.8854;7.26993E+08;570.8854;37.66812;571.3354;4.687037E+08;571.3354;55.09555;570.7854;6.66402E+07;570.7854;75.53851
581.0521;1221634;581.0521;3.84352;581.1354;819176.8;581.1354;4.36446;580.9521;394233.2;580.9521;3.133184;581.2354;3658873;591.2354;1448.246;580.8688;7.405937E+08;580.8688;38.52927;581.3187;4.671482E+08;581.3187;54.82924;580.7687;7.703745E+07;580.7687;90.11102
591.0521;1293011;591.0521;4.482262;591.1354;665615.3;591.1354;3.534851;590.9521;341044.6;590.9521;3.346156;591.2354;3443249;601.2354;1522.732;590.8688;7.406277E+08;590.8688;38.29737;591.3187;4.507479E+08;591.3187;55.11652;590.7687;7.287642E+07;590.7687;81.56403
601.0521;1269775;601.0521;4.134101;601.1354;821671.1;601.1354;4.506382;600.9521;405980.3;600.9521;3.338927;601.2354;3371261;611.2354;1408.769;600.8688;7.444764E+08;600.8688;37.62299;601.3187;4.291812E+08;601.3187;53.30214;600.7687;7.12313E+07;600.7687;81.16754
611.0521;1193720;611.0521;3.888542;611.1521;717135.4;611.1521;3.710228;610.9521;313568.9;610.9521;2.01654;611.2354;3489619;621.2354;1056.189;610.8688;7.381412E+08;610.8688;37.72257;611.3354;4.423859E+08;611.3354;54.8345;610.7687;8.148182E+07;610.7687;79.397
621.0521;1257620;621.0521;3.97988;621.1521;820169.8;621.1521;4.266281;620.9688;430579.3;620.9688;3.175583;621.2354;3326347;631.2354;1281.784;620.8688;7.420032E+08;620.8688;38.01085;621.3354;4.485977E+08;621.3354;54.22906;620.7854;8.699964E+07;620.7854;80.34473
631.0521;1218508;631.0521;4.011553;631.1521;792138.6;631.1521;4.179855;630.9688;494378.3;630.9688;4.525285;631.2354;4541733;641.2354;1131.613;630.8688;7.339352E+08;630.8688;38.15534;631.3354;4.713543E+08;631.3354;56.37917;630.7854;7.441667E+07;630.7854;84.41033
641.0521;1288373;641.0521;4.373098;641.1521;762096.3;641.1521;3.716528;640.9688;395976.3;640.9688;3.736759;641.2354;3541543;651.2521;1402.872;640.8688;7.266596E+08;640.8688;38.30022;641.3354;4.567175E+08;641.3354;54.34431;640.7854;6.63263E+07;640.7854;78.31334
651.0521;1178040;651.0521;3.921987;651.1521;765521;651.1521;4.057662;650.9688;344060;650.9688;3.357646;651.2521;3284088;661.2521;2455.052;650.8688;7.29901E+08;650.8688;37.98238;651.3354;4.748815E+08;651.3354;56.85338;650.7854;7.070333E+07;650.7854;80.54349
661.0521;1154306;661.0521;3.890493;661.1521;723719.1;661.1521;3.670661;660.9688;351496.4;660.9688;3.688976;661.2521;3238120;671.2521;1600.153;660.8688;7.399676E+08;660.8688;38.04227;661.3354;4.7249E+08;661.3354;55.51796;660.7854;7.210899E+07;660.7854;82.32728
671.0687;1170037;671.0687;3.9164;671.1521;775602.2;671.1521;4.037526;670.9688;393553.4;670.9688;2.783515;671.2521;4322153;681.2354;1872.665;670.8854;7.329908E+08;670.8854;37.98417;671.3354;4.55057E+08;671.3354;55.48819;670.7854;6.652245E+07;670.7854;78.3088
681.0521;1157113;681.0521;3.781745;681.1521;748471.6;681.1521;3.946364;680.9521;380471.7;680.9521;3.317433;681.2354;3823393;691.2354;1332.993;680.8688;7.202807E+08;680.8688;38.30364;681.3354;4.546241E+08;681.3354;55.24626;680.7687;8.195649E+07;680.7687;84.87699
691.0521;1474224;691.0521;5.061134;691.1521;702471;691.1521;3.623758;690.9521;417396.2;690.9521;5.913124;691.2354;2892886;701.2354;1358.584;690.8688;7.369703E+08;690.8688;38.39405;691.3354;4.54288E+08;691.3354;55.05924;690.7687;6.914917E+07;690.7687;79.21304
701.0521;1278187;701.0521;4.099569;701.1521;818159.5;701.1521;4.176067;700.9521;360395.9;700.9521;3.842587;701.2354;3398354;711.2354;1594.92;700.8688;7.295686E+08;700.8688;37.99679;701.3354;4.6813E+08;701.3354;56.58016;700.7687;6.356484E+07;700.7687;74.10822
711.0521;1167320;711.0521;4.036355;711.1521;837184.9;711.1521;4.637846;710.9521;315332.9;710.9521;3.750311;711.2354;2940967;721.2354;1107.168;710.8688;7.362655E+08;710.8688;38.13968;711.3354;4.621272E+08;711.3354;56.2074;710.7687;7.232646E+07;710.7687;82.01051
721.0521;1343520;721.0521;4.517547;721.1521;810224.6;721.1521;4.346208;720.9688;424063.6;720.9688;4.297959;721.2354;3745542;731.2354;1181.348;720.8688;7.451369E+08;720.8688;38.26249;721.3354;4.622646E+08;721.3354;54.07707;720.7854;7.644416E+07;720.7854;93.13339
731.0521;1230922;731.0521;4.216115;731.1521;676226.8;731.1521;3.459522;730.9688;574250.1;730.9688;4.739728;731.2354;2465898;741.2354;1306.399;730.8688;7.40002E+08;730.8688;38.26783;731.3354;4.750535E+08;731.3354;56.39328;730.7854;8.168779E+07;730.7854;89.98753
741.0521;1138062;741.0521;3.651589;741.1521;800289;741.1521;4.043807;740.9688;416413.6;740.9688;4.904174;741.2354;3444342;751.2521;1097.581;740.8688;7.409856E+08;740.8688;38.47477;741.3354;4.563653E+08;741.3354;55.67286;740.7854;8.550795E+07;740.7854;90.64433
751.0521;1161740;751.0521;3.813137;751.1521;713124.2;751.1521;3.858033;750.9688;312398.9;750.9688;1.287802;751.2521;4215820;761.2521;2663.158;750.8688;7.594242E+08;750.8688;38.47334;751.3354;4.764895E+08;751.3354;55.4976;750.7854;7.705748E+07;750.7854;88.43848
761.0521;1328625;761.0521;4.050604;761.1521;754421.8;761.1521;4.127698;760.9688;398724.8;760.9688;5.333567;761.2521;3892893;771.2521;1815.489;760.8688;7.460417E+08;760.8688;37.83383;761.3354;4.725864E+08;761.3354;57.74211;760.7854;8.225286E+07;760.7854;83.97813
771.0687;1237768;771.0687;4.12087;771.1521;732569.3;771.1521;3.871088;770.9688;326888.9;770.9688;2.517577;771.2521;2577592;781.2354;3021.735;770.8854;7.317148E+08;770.8854;37.52225;771.3354;4.809282E+08;771.3354;58.16013;770.7854;7.58725E+07;770.7854;83.37668
781.0521;1184565;781.0521;3.886492;781.1354;715241.9;781.1354;3.861533;780.9521;334409.8;780.9521;1.678557;781.2354;2869578;791.2354;10970.11;780.8688;7.447377E+08;780.8688;38.15569;781.3187;4.815291E+08;781.3187;57.98007;780.7687;8.167362E+07;780.7687;83.52483
791.0521;1755305;791.0521;6.049526;791.1354;708807.9;791.1354;3.73721;790.9521;405420.5;790.9521;4.604423;791.2354;2361546;801.2354;2630.157;790.8688;7.470938E+08;790.8688;37.93983;791.3354;4.718446E+08;791.3354;57.33113;790.7687;7.789423E+07;790.7687;84.00226
801.0521;1170085;801.0521;3.789688;801.1521;718200.6;801.1521;4.041344;800.9521;402063.9;800.9521;1.771796;801.2354;1981063;811.2354;2316.61;800.8688;7.416697E+08;800.8688;38.34777;801.3354;4.631229E+08;801.3354;57.84012;800.7687;7.715369E+07;800.7687;90.1687
811.0521;1209761;811.0521;4.169102;811.1521;1537346;811.1521;48.87046;810.9521;1101966;810.9521;26950.11;811.2354;2463780;821.2354;1655.857;810.8688;7.59259E+08;810.8688;38.49051;811.3354;5.067743E+08;811.3354;58.9591;810.7687;9.574117E+07;810.7687;93.59212
821.0521;1284763;821.0521;4.522919;821.1521;768525.5;821.1521;4.506713;820.9688;417690.6;820.9688;2.626101;821.2354;1947658;831.2354;2175.224;820.8688;7.352521E+08;820.8688;37.92143;821.3354;5.061835E+08;821.3354;58.03345;820.7854;8.164886E+07;820.7854;88.06296
831.0521;1217961;831.0521;4.118621;831.1521;772247.3;831.1521;4.291707;830.9688;401316.6;830.9688;4.6924;831.2354;2765049;841.2354;1789.135;830.8688;7.582604E+08;830.8688;38.00778;831.3354;4.83351E+08;831.3354;58.50163;830.7854;8.06196E+07;830.7854;88.40128
841.0521;1165128;841.0521;3.799313;841.1521;727135.1;841.1521;3.632624;840.9688;417701.7;840.9688;3.838447;841.2354;1868344;851.2354;1991.82;840.8688;7.575441E+08;840.8688;38.20885;841.3354;4.962795E+08;841.3354;58.72163;840.7854;9.230835E+07;840.7854;95.32648
851.0521;1490286;851.0521;5.198659;851.1521;845339.4;851.1521;4.767797;850.9688;336158.7;850.9688;3.158761;851.2354;2573539;861.2521;1778.67;850.8688;7.539489E+08;850.8688;38.08305;851.3354;4.880117E+08;851.3354;58.82597;850.7854;8.444306E+07;850.7854;92.70907
861.0521;1286632;861.0521;4.400633;861.1521;685216.9;861.1521;3.627545;860.9688;367447.2;860.9688;2.681573;861.2521;2217709;871.2521;1914.297;860.8688;7.54551E+08;860.8688;38.16343;861.3354;4.434205E+08;861.3354;56.62305;860.7854;8.197542E+07;860.7854;91.78882
871.0521;1223226;871.0521;4.095075;871.1521;752408.9;871.1521;4.01378;870.9688;348530.1;870.9688;4.101033;871.2521;1921099;881.2521;1065.566;870.8688;7.511034E+08;870.8688;37.8189;871.3354;4.895244E+08;871.3354;59.4498;870.7854;7.220741E+07;870.7854;87.57629
881.0687;1487429;881.0687;5.698842;881.1521;745053.6;881.1521;4.165393;880.9688;436792.1;880.9688;4.643489;881.2521;1708938;891.2354;1617.719;880.8854;7.70329E+08;880.8854;38.34027;881.3354;4.916939E+08;881.3354;57.9911;880.7854;8.010976E+07;880.7854;89.99572
891.0521;1169716;891.0521;4.020614;891.1354;865313.4;891.1354;5.028971;890.9521;397889.7;890.9521;2.525472;891.2354;1643049;901.2354;1917.909;890.8688;7.430923E+08;890.8688;37.89272;891.3187;5.033106E+08;891.3187;60.43552;890.7687;1.01595E+08;890.7687;99.16119
901.0521;1148165;901.0521;3.821411;901.1354;754717.2;901.1354;4.077786;900.9521;349812.6;900.9521;2.426347;901.2354;1072818;911.2354;1549.673;900.8688;7.325313E+08;900.8688;37.50119;901.3187;4.98154E+08;901.3187;58.7768;900.7687;7.618092E+07;900.7687;86.17831
911.0521;1126204;911.0521;3.734374;911.1521;684208.3;911.1521;3.439124;910.9521;449402.6;910.9521;3.855832;911.2354;1052701;921.2354;1783.944;910.8688;7.538505E+08;910.8688;38.40135;911.3354;5.224075E+08;911.3354;61.88803;910.7687;6.135346E+07;910.7687;71.96643
921.0521;1238710;921.0521;4.173186;921.1521;694778.9;921.1521;3.637972;920.9688;428108.5;920.9688;2.704054;921.2354;1127168;931.2354;1802.498;920.8688;7.517383E+08;920.8688;38.44511;921.3354;4.878965E+08;921.3354;59.22361;920.7854;7.801266E+07;920.7854;85.64849
931.0521;1233921;931.0521;4.248948;931.1521;869563.1;931.1521;5.125325;930.9688;363783.3;930.9688;2.933893;931.2354;1324432;941.2354;1918.999;930.8688;7.56667E+08;930.8688;38.79623;931.3354;4.770365E+08;931.3354;57.3594;930.7854;8.590846E+07;930.7854;94.35481
941.0521;1258957;941.0521;4.322076;941.1521;959412.3;941.1521;5.741082;940.9688;419665;940.9688;3.964262;941.2354;915861.3;951.2521;1872.63;940.8688;7.530518E+08;940.8688;37.66507;941.3354;5.178456E+08;941.3354;61.5491;940.7854;7.629346E+07;940.7854;80.74437
951.0521;1189002;951.0521;4.018194;951.1521;802829.1;951.1521;4.183861;950.9688;375590.8;950.9688;3.299562;951.2521;1019173;961.2521;2167.413;950.8688;7.630333E+08;950.8688;38.46939;951.3354;4.909199E+08;951.3354;60.44404;950.7854;1.053046E+08;950.7854;99.35085
961.0521;2156221;961.0521;318.0181;961.1521;815928.9;961.1521;4.245607;960.9688;499619.3;960.9688;3.875796;961.2521;1178658;971.2521;1760.671;960.8688;7.304447E+08;960.8688;37.76189;961.3354;5.09574E+08;961.3354;60.74275;960.7854;7.466948E+07;960.7854;81.87827
971.0521;1285242;971.0521;4.68407;971.1521;2367477;971.1521;492.2895;970.9688;407161.2;970.9688;2.466348;971.2521;972855;981.2521;1936.279;970.8688;7.39743E+08;970.8688;37.99782;971.3354;4.88634E+08;971.3354;59.80073;970.7854;8.2963E+07;970.7854;84.14965
981.0687;1262010;981.0687;4.366549;981.1521;816907.8;981.1521;4.708227;980.9688;404618.1;980.9688;4.130946;981.2521;1064577;991.2354;1912.396;980.8854;7.569583E+08;980.8854;37.5084;981.3354;5.337055E+08;981.3354;61.91366;980.7854;8.765305E+07;980.7854;96.93565
991.0521;1167336;991.0521;3.896397;991.1354;932532.1;991.1354;21.93186;990.9521;378898.9;990.9521;3.276671;991.2354;790859.1;1001.235;1872.99;990.8688;7.497421E+08;990.8688;38.27316;991.3187;5.653856E+08;991.3187;63.09003;990.7687;7.842832E+07;990.7687;84.14034
1001.052;1205176;1001.052;4.019847;1001.135;741652.3;1001.135;3.823008;1000.952;390157;1000.952;2.804323;1001.235;867993;1011.235;2002.476;1000.869;7.514716E+08;1000.869;38.06541;1001.319;5.114893E+08;1001.319;61.15421;1000.769;8.762614E+07;1000.769;89.39786
1011.052;1230339;1011.052;4.159204;1011.152;759705.5;1011.152;4.064443;1010.952;407879.3;1010.952;4.162504;1011.235;937924.4;1021.235;1679.903;1010.869;7.454516E+08;1010.869;37.76797;1011.335;5.173465E+08;1011.335;60.71232;1010.769;9.561983E+07;1010.769;93.70544
1021.052;1321115;1021.052;4.66877;1021.152;715943.3;1021.152;3.480349;1020.969;366251.2;1020.969;2.284981;1021.235;1063891;0;0;1020.869;7.494223E+08;1020.869;37.5759;1021.335;5.077547E+08;1021.335;61.43448;1020.769;8.499631E+07;1020.769;90.38328
