Time for Cap.1 (min);Ratio 350 nm / 330 nm for Cap.1 ;Time for Cap.1 (min);350 nm for Cap.1 ;Time for Cap.1 (min);330 nm for Cap.1 ;Time for Cap.2 (min);Ratio 350 nm / 330 nm for Cap.2 ;Time for Cap.2 (min);350 nm for Cap.2 ;Time for Cap.2 (min);330 nm for Cap.2 ;Time for Cap.3 (min);Ratio 350 nm / 330 nm for Cap.3 ;Time for Cap.3 (min);350 nm for Cap.3 ;Time for Cap.3 (min);330 nm for Cap.3 ;Time for Cap.4 (min);Ratio 350 nm / 330 nm for Cap.4 ;Time for Cap.4 (min);350 nm for Cap.4 ;Time for Cap.4 (min);330 nm for Cap.4 ;Time for Cap.5 (min);Ratio 350 nm / 330 nm for Cap.5 ;Time for Cap.5 (min);350 nm for Cap.5 ;Time for Cap.5 (min);330 nm for Cap.5 ;Time for Cap.6 (min);Ratio 350 nm / 330 nm for Cap.6 ;Time for Cap.6 (min);350 nm for Cap.6 ;Time for Cap.6 (min);330 nm for Cap.6 ;Time for Cap.7 (min);Ratio 350 nm / 330 nm for Cap.7 ;Time for Cap.7 (min);350 nm for Cap.7 ;Time for Cap.7 (min);330 nm for Cap.7 
0.7020353;0.2553323;0.7020353;895.59;0.7020353;3507.548;0.6853687;0.2535243;0.6853687;458.055;0.6853687;1806.75;0.6853687;0.2715099;0.6853687;97.6275;0.6853687;359.5725;0.6853687;1.549062;0.6853687;5056.357;0.6853687;3264.143;0.6853687;1.074167;0.6853687;4362.435;0.6853687;4061.228;0.6853687;0.9852474;0.6853687;3277.282;0.6853687;3326.355;0.6853687;1.400014;0.6853687;3142.282;0.6853687;2244.465
1.352035;0.2563775;1.352035;899.0775;1.352035;3506.85;1.352035;0.2537854;1.352035;457.4475;1.352035;1802.498;1.368702;0.2693439;1.368702;96.885;1.368702;359.7075;1.368702;1.547244;1.368702;5099.895;1.368702;3296.115;1.368702;1.075646;1.368702;4368.105;1.368702;4060.913;1.385369;0.9849044;1.385369;3278.048;1.385369;3328.29;1.385369;1.400793;1.385369;3141.225;1.385369;2242.462
10.6687;0.2560814;10.6687;898.425;10.6687;3508.357;10.6687;0.2535368;10.6687;456.8625;10.6687;1801.958;10.6687;0.2698254;10.6687;96.9975;10.6687;359.4825;10.65204;1.552147;10.65204;5388.525;10.65204;3471.66;10.65204;1.074996;10.65204;4402.688;10.65204;4095.54;10.65204;0.9868683;10.65204;3314.183;10.65204;3358.282;10.65204;1.398656;10.65204;3105.405;10.65204;2220.278
11.3187;0.2558803;11.3187;898.3125;11.3187;3510.675;11.3187;0.2529595;11.3187;455.7825;11.3187;1801.8;11.33537;0.2702821;11.33537;97.4475;11.33537;360.54;11.33537;1.550831;11.33537;5404.928;11.33537;3485.183;11.33537;1.075118;11.33537;4402.8;11.33537;4095.18;11.35204;0.9883136;11.35204;3312.788;11.35204;3351.96;11.35204;1.39986;11.35204;3105.18;11.35204;2218.208
20.6687;0.2551705;20.6687;897.21;20.6687;3516.12;20.6687;0.2542045;20.6687;458.4375;20.6687;1803.42;20.6687;0.2701721;20.6687;97.11;20.6687;359.4375;20.6687;1.549484;20.6687;5497.47;20.6687;3547.935;20.6687;1.077506;20.6687;4426.132;20.6687;4107.757;20.65203;0.9923052;20.65203;3339.675;20.65203;3365.573;20.65203;1.39402;20.65203;3072.78;20.65203;2204.258
21.3187;0.2556499;21.3187;898.47;21.3187;3514.455;21.3187;0.2539526;21.3187;457.5375;21.3187;1801.665;21.33537;0.2690406;21.33537;96.7275;21.33537;359.5275;21.33537;1.552225;21.33537;5505.413;21.33537;3546.788;21.33537;1.075002;21.33537;4421.385;21.33537;4112.91;21.35203;0.9918227;21.35203;3337.583;21.35203;3365.1;21.35203;1.395624;21.35203;3067.177;21.35203;2197.71
30.6687;0.2553484;30.6687;897.5025;30.6687;3514.815;30.6687;0.2542858;30.6687;458.235;30.6687;1802.047;30.6687;0.2733421;30.6687;98.2125;30.6687;359.3025;30.6687;1.552243;30.6687;5556.78;30.6687;3579.84;30.6687;1.077543;30.6687;4445.438;30.6687;4125.533;30.6687;0.9933745;30.6687;3353.242;30.6687;3375.607;30.65203;1.39407;30.65203;3046.478;30.65203;2185.313
31.3187;0.2565003;31.3187;898.7175;31.3187;3503.768;31.33537;0.2535044;31.33537;456.9525;31.33537;1802.542;31.33537;0.2679217;31.33537;96.705;31.33537;360.945;31.33537;1.55293;31.33537;5566.928;31.33537;3584.79;31.35203;1.075339;31.35203;4433.467;31.35203;4122.855;31.35203;0.9919925;31.35203;3350.43;31.35203;3377.475;31.35203;1.395828;31.35203;3044.385;31.35203;2181.06
40.6687;0.2558385;40.6687;898.1775;40.6687;3510.72;40.6687;0.2542692;40.6687;458.3025;40.6687;1802.43;40.6687;0.272835;40.6687;98.46;40.6687;360.8775;40.6687;1.54806;40.6687;5572.913;40.6687;3599.933;40.6687;1.078273;40.6687;4453.11;40.6687;4129.853;40.6687;0.9943142;40.6687;3360.24;40.6687;3379.455;40.6687;1.392615;40.6687;3025.125;40.6687;2172.262
41.3187;0.255818;41.3187;896.58;41.3187;3504.758;41.33537;0.2538126;41.33537;457.2225;41.33537;1801.417;41.33537;0.2716212;41.33537;97.4475;41.33537;358.7625;41.33537;1.551368;41.33537;5580.248;41.33537;3596.985;41.35204;1.077797;41.35204;4449.397;41.35204;4128.232;41.35204;0.9929794;41.35204;3363.75;41.35204;3387.532;41.35204;1.392658;41.35204;3024.248;41.35204;2171.565
50.65203;0.2560244;50.65203;898.83;50.65203;3510.72;50.65203;0.2539016;50.65203;456.84;50.65203;1799.28;50.65203;0.2695462;50.65203;96.885;50.65203;359.4375;50.65203;1.548818;50.65203;5600.835;50.65203;3616.2;50.65203;1.077664;50.65203;4454.91;50.65203;4133.857;50.65203;0.9931444;50.65203;3367.035;50.65203;3390.278;50.65203;1.388076;50.65203;3005.865;50.65203;2165.49
51.30204;0.2570023;51.30204;900.135;51.30204;3502.44;51.3187;0.2544102;51.3187;458.505;51.3187;1802.228;51.3187;0.2728981;51.3187;98.01;51.3187;359.145;51.3187;1.548456;51.3187;5603.603;51.3187;3618.833;51.33537;1.078761;51.33537;4456.485;51.33537;4131.112;51.33537;0.9920824;51.33537;3366.18;51.33537;3393.045;51.33537;1.392276;51.33537;3007.597;51.33537;2160.202
60.65203;0.2553343;60.65203;895.5225;60.65203;3507.255;60.65203;0.2547647;60.65203;458.6625;60.65203;1800.338;60.65203;0.268058;60.65203;96.525;60.65203;360.09;60.65203;1.551029;60.65203;5610.263;60.65203;3617.123;60.65203;1.077795;60.65203;4457.947;60.65203;4136.175;60.65203;0.9941534;60.65203;3374.415;60.65203;3394.26;60.65203;1.3899;60.65203;2992.208;60.65203;2152.823
61.30204;0.2560164;61.30204;897.12;61.30204;3504.15;61.3187;0.2551654;61.3187;459.8775;61.3187;1802.272;61.3187;0.2711652;61.3187;97.29;61.3187;358.785;61.3187;1.55105;61.3187;5608.417;61.3187;3615.885;61.33537;1.076665;61.33537;4455.675;61.33537;4138.402;61.33537;0.9935073;61.33537;3370.635;61.33537;3392.663;61.33537;1.386958;61.33537;2991.397;61.33537;2156.805
70.65203;0.255821;70.65203;898.3575;70.65203;3511.665;70.65203;0.2541018;70.65203;457.5375;70.65203;1800.608;70.65203;0.2723019;70.65203;98.2125;70.65203;360.675;70.65203;1.548905;70.65203;5625.022;70.65203;3631.613;70.65203;1.079364;70.65203;4468.252;70.65203;4139.708;70.65203;0.9926092;70.65203;3375.383;70.65203;3400.515;70.65203;1.386853;70.65203;2982.465;70.65203;2150.528
71.3187;0.2558166;71.3187;895.7925;71.3187;3501.698;71.3187;0.2536055;71.3187;456.1875;71.3187;1798.807;71.3187;0.267807;71.3187;96.525;71.3187;360.4275;71.33537;1.549599;71.33537;5629.252;71.33537;3632.715;71.33537;1.078025;71.33537;4458.78;71.33537;4136.063;71.33537;0.9952401;71.33537;3377.835;71.33537;3393.99;71.35204;1.388633;71.35204;2983.95;71.35204;2148.84
80.65203;0.2564275;80.65203;901.0125;80.65203;3513.712;80.65203;0.2543793;80.65203;459.0675;80.65203;1804.657;80.65203;0.2700725;80.65203;97.1775;80.65203;359.82;80.65203;1.549944;80.65203;5638.77;80.65203;3638.048;80.65203;1.079526;80.65203;4471.155;80.65203;4141.777;80.65203;0.9957903;80.65203;3384.968;80.65203;3399.278;80.65203;1.384077;80.65203;2975.873;80.65203;2150.077
81.3187;0.2563081;81.3187;897.75;81.3187;3502.62;81.3187;0.2551596;81.3187;460.1025;81.3187;1803.195;81.3187;0.2691059;81.3187;96.975;81.3187;360.36;81.33537;1.548542;81.33537;5634.922;81.33537;3638.857;81.33537;1.077503;81.33537;4464.135;81.33537;4143.038;81.33537;0.9947115;81.33537;3381.345;81.33537;3399.323;81.35204;1.384892;81.35204;2970.833;81.35204;2145.173
90.65203;0.2564349;90.65203;898.65;90.65203;3504.397;90.65203;0.2557838;90.65203;461.205;90.65203;1803.105;90.65203;0.2747683;90.65203;99.405;90.65203;361.7775;90.65203;1.553404;90.65203;5648.422;90.65203;3636.157;90.65203;1.078901;90.65203;4474.395;90.65203;4147.178;90.65203;0.9935669;90.65203;3388.14;90.65203;3410.077;90.65203;1.38545;90.65203;2967.728;90.65203;2142.067
91.3187;0.2556607;91.3187;897.5475;91.3187;3510.698;91.3187;0.25455;91.3187;458.82;91.3187;1802.475;91.3187;0.2691536;91.3187;96.5925;91.3187;358.875;91.33537;1.556282;91.33537;5653.913;91.33537;3632.962;91.33537;1.078215;91.33537;4467.038;91.33537;4142.993;91.33537;0.9957796;91.33537;3386.948;91.33537;3401.302;91.35204;1.385201;91.35204;2968.627;91.35204;2143.103
100.652;0.2559261;100.652;897.84;100.652;3508.2;100.652;0.2556617;100.652;459.495;100.652;1797.277;100.652;0.2723794;100.652;97.695;100.652;358.6725;100.652;1.551231;100.652;5653.643;100.652;3644.617;100.652;1.078874;100.652;4473.652;100.652;4146.592;100.652;0.9918379;100.652;3390.345;100.652;3418.245;100.652;1.387634;100.652;2970.72;100.652;2140.853
101.3187;0.2562844;101.3187;898.3125;101.3187;3505.14;101.3187;0.2547477;101.3187;459.0675;101.3187;1802.047;101.3187;0.2701114;101.3187;97.155;101.3187;359.685;101.3354;1.548899;101.3354;5645.25;101.3354;3644.685;101.3354;1.079411;101.3354;4471.02;101.3354;4142.092;101.3354;0.9974791;101.3354;3392.01;101.3354;3400.583;101.352;1.390905;101.352;2966.738;101.352;2132.955
110.6687;0.256182;110.6687;897.435;110.6687;3503.115;110.652;0.2539395;110.652;457.2225;110.652;1800.517;110.652;0.2692907;110.652;97.1325;110.652;360.6975;110.652;1.552207;110.652;5657.063;110.652;3644.528;110.652;1.080879;110.652;4479.705;110.652;4144.5;110.652;0.9951053;110.652;3394.147;110.652;3410.843;110.652;1.383322;110.652;2958.75;110.652;2138.873
111.3187;0.2557738;111.3187;897.795;111.3187;3510.113;111.3187;0.2548421;111.3187;458.5725;111.3187;1799.438;111.3354;0.2701638;111.3354;97.2225;111.3354;359.865;111.3354;1.55201;111.3354;5659.695;111.3354;3646.688;111.3354;1.077679;111.3354;4478.467;111.3354;4155.66;111.352;0.9954349;111.352;3395.115;111.352;3410.685;111.352;1.383607;111.352;2959.11;111.352;2138.692
120.6687;0.2565352;120.6687;900.225;120.6687;3509.167;120.6687;0.2538554;120.6687;457.785;120.6687;1803.33;120.6687;0.2714626;120.6687;97.47;120.6687;359.055;120.652;1.552236;120.652;5658.705;120.652;3645.518;120.652;1.079679;120.652;4482.382;120.652;4151.587;120.652;0.9937243;120.652;3388.163;120.652;3409.56;120.652;1.38533;120.652;2960.55;120.652;2137.073
121.3187;0.2560577;121.3187;898.7625;121.3187;3510;121.3187;0.2537757;121.3187;457.8525;121.3187;1804.162;121.3354;0.2703887;121.3354;97.2;121.3354;359.4825;121.3354;1.549597;121.3354;5658.638;121.3354;3651.683;121.3354;1.077834;121.3354;4473.292;121.3354;4150.26;121.352;0.9968565;121.352;3389.153;121.352;3399.84;121.352;1.385001;121.352;2956.387;121.352;2134.575
130.6687;0.2560182;130.6687;899.9775;130.6687;3515.288;130.6687;0.2532846;130.6687;456.75;130.6687;1803.307;130.6687;0.2714357;130.6687;98.01;130.6687;361.08;130.6687;1.551372;130.6687;5653.598;130.6687;3644.258;130.652;1.081217;130.652;4484.947;130.652;4148.055;130.652;0.9943907;130.652;3390.367;130.652;3409.492;130.652;1.383829;130.652;2959.087;130.652;2138.333
131.3187;0.2562683;131.3187;898.4925;131.3187;3506.063;131.3187;0.2546709;131.3187;458.505;131.3187;1800.382;131.3354;0.2695478;131.3354;97.11;131.3354;360.27;131.3354;1.552006;131.3354;5655.105;131.3354;3643.74;131.3354;1.079024;131.3354;4481.46;131.3354;4153.252;131.352;0.9954064;131.352;3393.45;131.352;3409.11;131.352;1.382204;131.352;2959.313;131.352;2141.01
140.6687;0.2555935;140.6687;897.3;140.6687;3510.653;140.6687;0.2545584;140.6687;459.2475;140.6687;1804.095;140.6687;0.2672848;140.6687;96.6375;140.6687;361.5525;140.6687;1.549661;140.6687;5662.462;140.6687;3654;140.6687;1.078742;140.6687;4482.765;140.6687;4155.547;140.6687;0.995386;140.6687;3397.792;140.6687;3413.542;140.652;1.383804;140.652;2961.337;140.652;2139.998
141.3187;0.2552969;141.3187;896.0175;141.3187;3509.708;141.3354;0.2546632;141.3354;459.2475;141.3354;1803.353;141.3354;0.272033;141.3354;97.785;141.3354;359.46;141.3354;1.549994;141.3354;5666.783;141.3354;3656.002;141.352;1.078619;141.352;4480.942;141.352;4154.333;141.352;0.99659;141.352;3393.022;141.352;3404.633;141.352;1.384237;141.352;2959.74;141.352;2138.175
150.6687;0.255951;150.6687;900.945;150.6687;3519.99;150.6687;0.2539185;150.6687;457.4475;150.6687;1801.552;150.6687;0.2714188;150.6687;97.5825;150.6687;359.5275;150.6687;1.549889;150.6687;5660.888;150.6687;3652.448;150.6687;1.080617;150.6687;4493.205;150.6687;4158;150.6687;0.9938897;150.6687;3399.952;150.6687;3420.855;150.6687;1.385012;150.6687;2963.205;150.6687;2139.48
151.3187;0.2560946;151.3187;898.1775;151.3187;3507.21;151.3354;0.2532717;151.3354;457.2225;151.3354;1805.265;151.3354;0.269385;151.3354;96.7725;151.3354;359.235;151.3354;1.548759;151.3354;5669.55;151.3354;3660.705;151.352;1.079744;151.352;4489.672;151.352;4158.09;151.352;0.9966714;151.352;3395.452;151.352;3406.792;151.352;1.387496;151.352;2967.052;151.352;2138.423
160.652;0.2554779;160.652;897.7275;160.652;3513.915;160.652;0.2547674;160.652;460.215;160.652;1806.412;160.652;0.2718997;160.652;98.1225;160.652;360.8775;160.652;1.549088;160.652;5681.07;160.652;3667.365;160.652;1.079742;160.652;4492.507;160.652;4160.723;160.652;0.9976002;160.652;3404.633;160.652;3412.823;160.652;1.385559;160.652;2963.565;160.652;2138.895
161.302;0.2559714;161.302;899.145;161.302;3512.677;161.3187;0.2533807;161.3187;457.425;161.3187;1805.287;161.3187;0.2700087;161.3187;97.3125;161.3187;360.405;161.3187;1.54954;161.3187;5676.277;161.3187;3663.202;161.3354;1.080369;161.3354;4486.388;161.3354;4152.645;161.3354;0.9958345;161.3354;3399.525;161.3354;3413.745;161.3354;1.383657;161.3354;2964.51;161.3354;2142.518
170.652;0.2567846;170.652;901.8225;170.652;3511.98;170.652;0.254559;170.652;460.755;170.652;1810.012;170.652;0.2692093;170.652;97.515;170.652;362.2275;170.652;1.549859;170.652;5680.935;170.652;3665.452;170.652;1.080286;170.652;4491.248;170.652;4157.46;170.652;0.9970059;170.652;3408.998;170.652;3419.235;170.652;1.386886;170.652;2971.147;170.652;2142.315
171.302;0.2554789;171.302;897.57;171.302;3513.285;171.3187;0.25545;171.3187;460.5975;171.3187;1803.083;171.3187;0.2686064;171.3187;96.795;171.3187;360.36;171.3187;1.554155;171.3187;5684.513;171.3187;3657.623;171.3354;1.07816;171.3354;4480.515;171.3354;4155.705;171.3354;0.9976117;171.3354;3402.27;171.3354;3410.415;171.3354;1.383341;171.3354;2965.14;171.3354;2143.462
180.652;0.2560478;180.652;899.01;180.652;3511.103;180.652;0.2546005;180.652;459.7875;180.652;1805.917;180.652;0.2714787;180.652;97.4025;180.652;358.785;180.652;1.551216;180.652;5685.908;180.652;3665.452;180.652;1.077973;180.652;4489.875;180.652;4165.11;180.652;0.9960022;180.652;3408.188;180.652;3421.867;180.652;1.387305;180.652;2972.7;180.652;2142.788
181.3187;0.2558537;181.3187;899.3475;181.3187;3515.085;181.3187;0.2548976;181.3187;459.63;181.3187;1803.195;181.3187;0.2708541;181.3187;97.605;181.3187;360.36;181.3354;1.550101;181.3354;5682.938;181.3354;3666.173;181.3354;1.080259;181.3354;4495.973;181.3354;4161.938;181.3354;0.9952771;181.3354;3404.43;181.3354;3420.585;181.352;1.382494;181.352;2969.887;181.352;2148.21
190.652;0.2564822;190.652;901.62;190.652;3515.333;190.652;0.2545781;190.652;459.81;190.652;1806.165;190.652;0.2712908;190.652;98.1225;190.652;361.6875;190.652;1.55144;190.652;5690.047;190.652;3667.59;190.652;1.080109;190.652;4502.295;190.652;4168.373;190.652;0.9977504;190.652;3412.935;190.652;3420.63;190.652;1.38438;190.652;2976.367;190.652;2149.965
191.3187;0.2561643;191.3187;899.01;191.3187;3509.505;191.3187;0.2548108;191.3187;459.72;191.3187;1804.162;191.3187;0.2678172;191.3187;97.065;191.3187;362.43;191.3354;1.551732;191.3354;5687.348;191.3354;3665.16;191.3354;1.079558;191.3354;4493.902;191.3354;4162.725;191.3354;0.9992228;191.3354;3413.272;191.3354;3415.927;191.352;1.382057;191.352;2970.067;191.352;2149.02
200.652;0.2564405;200.652;900.135;200.652;3510.113;200.652;0.2554573;200.652;462.105;200.652;1808.932;200.652;0.2776566;200.652;100.2375;200.652;361.0125;200.652;1.552434;200.652;5692.433;200.652;3666.78;200.652;1.08093;200.652;4502.385;200.652;4165.29;200.652;0.9963297;200.652;3414.24;200.652;3426.817;200.652;1.385904;200.652;2985.165;200.652;2153.948
201.3187;0.2562928;201.3187;900.5625;201.3187;3513.802;201.3187;0.2536388;201.3187;458.3475;201.3187;1807.088;201.3187;0.2680708;201.3187;96.795;201.3187;361.08;201.3354;1.548565;201.3354;5687.235;201.3354;3672.585;201.3354;1.078207;201.3354;4494.757;201.3354;4168.732;201.3354;0.9961679;201.3354;3409.92;201.3354;3423.038;201.352;1.38327;201.352;2979.585;201.352;2154.015
210.6687;0.256851;210.6687;902.8125;210.6687;3514.927;210.652;0.2535777;210.652;460.08;210.652;1814.355;210.652;0.2687772;210.652;97.425;210.652;362.475;210.652;1.550485;210.652;5691.848;210.652;3671.01;210.652;1.079877;210.652;4505.265;210.652;4172.018;210.652;0.9958469;210.652;3415.073;210.652;3429.315;210.652;1.387003;210.652;2989.373;210.652;2155.275
211.3187;0.2557756;211.3187;900.0225;211.3187;3518.798;211.3187;0.2538307;211.3187;458.0775;211.3187;1804.657;211.3354;0.2699676;211.3354;97.65;211.3354;361.71;211.3354;1.552266;211.3354;5692.027;211.3354;3666.915;211.3354;1.079962;211.3354;4501.732;211.3354;4168.417;211.352;0.9982819;211.352;3412.125;211.352;3417.998;211.352;1.384729;211.352;2983.163;211.352;2154.33
220.6687;0.2567818;220.6687;903.0375;220.6687;3516.75;220.6687;0.2550397;220.6687;461.43;220.6687;1809.248;220.6687;0.2697438;220.6687;97.83;220.6687;362.6775;220.652;1.550875;220.652;5699.453;220.652;3674.992;220.652;1.080689;220.652;4510.868;220.652;4174.065;220.652;0.9956773;220.652;3415.298;220.652;3430.125;220.652;1.382312;220.652;2986.042;220.652;2160.18
221.3187;0.2559636;221.3187;901.5075;221.3187;3522.015;221.3187;0.2543372;221.3187;460.1475;221.3187;1809.203;221.3354;0.2699639;221.3354;97.515;221.3354;361.215;221.3354;1.552659;221.3354;5700.735;221.3354;3671.595;221.3354;1.081301;221.3354;4510.868;221.3354;4171.703;221.352;0.997116;221.352;3415.073;221.352;3424.95;221.352;1.386638;221.352;2991.893;221.352;2157.66
230.6687;0.2553338;230.6687;900.18;230.6687;3525.502;230.6687;0.2537813;230.6687;460.1925;230.6687;1813.343;230.6687;0.2693898;230.6687;98.235;230.6687;364.6575;230.6687;1.552608;230.6687;5701.14;230.6687;3671.978;230.652;1.080625;230.652;4505.467;230.652;4169.317;230.652;0.9983527;230.652;3422.745;230.652;3428.393;230.652;1.385652;230.652;2992.478;230.652;2159.617
231.3187;0.2569279;231.3187;903.4875;231.3187;3516.502;231.3187;0.2554384;231.3187;462.3525;231.3187;1810.035;231.3354;0.2712065;231.3354;98.1225;231.3354;361.8;231.3354;1.551784;231.3354;5699.025;231.3354;3672.563;231.3354;1.081512;231.3354;4508.752;231.3354;4168.935;231.352;0.9993102;231.352;3422.498;231.352;3424.86;231.352;1.385575;231.352;2995.087;231.352;2161.62
240.6687;0.2550446;240.6687;898.6725;240.6687;3523.59;240.6687;0.2547669;240.6687;461.16;240.6687;1810.125;240.6687;0.2717007;240.6687;98.5275;240.6687;362.6325;240.6687;1.552698;240.6687;5707.237;240.6687;3675.69;240.6687;1.081705;240.6687;4515.592;240.6687;4174.515;240.652;0.9972553;240.652;3425.423;240.652;3434.85;240.652;1.38387;240.652;3000.15;240.652;2167.942
241.3187;0.2564163;241.3187;902.7675;241.3187;3520.71;241.3187;0.2544342;241.3187;460.26;241.3187;1808.955;241.3354;0.2705103;241.3354;97.335;241.3354;359.82;241.3354;1.551786;241.3354;5703.255;241.3354;3675.285;241.3354;1.07857;241.3354;4507.313;241.3354;4178.97;241.352;0.995924;241.352;3419.505;241.352;3433.5;241.352;1.383683;241.352;2997.877;241.352;2166.593
250.6687;0.2561845;250.6687;902.6775;250.6687;3523.545;250.6687;0.2542672;250.6687;461.205;250.6687;1813.86;250.6687;0.2707606;250.6687;97.7175;250.6687;360.9;250.6687;1.553073;250.6687;5706.45;250.6687;3674.295;250.6687;1.079933;250.6687;4516.335;250.6687;4182.053;250.6687;0.9985238;250.6687;3424.433;250.6687;3429.495;250.652;1.389056;250.652;3008.363;250.652;2165.76
251.3187;0.2565434;251.3187;903.5325;251.3187;3521.948;251.3354;0.2553934;251.3354;461.34;251.3354;1806.39;251.3354;0.2707608;251.3354;98.01;251.3354;361.98;251.3354;1.554035;251.3354;5705.752;251.3354;3671.573;251.352;1.07838;251.352;4510.98;251.352;4183.11;251.352;0.9970667;251.352;3418.673;251.352;3428.73;251.352;1.38808;251.352;3007.778;251.352;2166.863
260.652;0.2555806;260.652;903.195;260.652;3533.895;260.652;0.254117;260.652;460.7325;260.652;1813.073;260.652;0.2708656;260.652;98.2125;260.652;362.5875;260.652;1.553536;260.652;5709.127;260.652;3674.925;260.652;1.079631;260.652;4515.413;260.652;4182.368;260.652;0.99764;260.652;3424.117;260.652;3432.218;260.652;1.384845;260.652;3011.333;260.652;2174.49
261.302;0.2561174;261.302;902.6775;261.302;3524.468;261.3187;0.2548307;261.3187;462.015;261.3187;1813.027;261.3187;0.2710843;261.3187;98.2125;261.3187;362.295;261.3187;1.551612;261.3187;5711.692;261.3187;3681.135;261.3354;1.080349;261.3354;4517.055;261.3354;4181.107;261.3354;0.9955087;261.3354;3421.238;261.3354;3436.673;261.3354;1.387795;261.3354;3011.22;261.3354;2169.788
270.652;0.256422;270.652;903.78;270.652;3524.58;270.652;0.2551319;270.652;463.6575;270.652;1817.325;270.652;0.2718;270.652;98.325;270.652;361.755;270.652;1.552514;270.652;5712.638;270.652;3679.605;270.652;1.080687;270.652;4524.84;270.652;4187.002;270.652;0.9987998;270.652;3426.615;270.652;3430.732;270.652;1.38484;270.652;3014.843;270.652;2177.032
271.302;0.2561297;271.302;902.3175;271.302;3522.893;271.3187;0.2546857;271.3187;461.3625;271.3187;1811.498;271.3187;0.2693931;271.3187;97.6725;271.3187;362.565;271.3187;1.555608;271.3187;5712.053;271.3187;3671.91;271.3354;1.081981;271.3354;4519.62;271.3354;4177.17;271.3354;0.9980223;271.3354;3428.955;271.3354;3435.75;271.3354;1.386908;271.3354;3017.16;271.3354;2175.458
280.652;0.255273;280.652;900.81;280.652;3528.81;280.652;0.2532705;280.652;460.8675;280.652;1819.665;280.652;0.2711475;280.652;98.3025;280.652;362.5425;280.652;1.550525;280.652;5705.527;280.652;3679.74;280.652;1.08025;280.652;4523.13;280.652;4187.115;280.652;0.9972439;280.652;3427.425;280.652;3436.897;280.652;1.387829;280.652;3025.44;280.652;2179.98
281.3187;0.2552256;281.3187;900.855;281.3187;3529.643;281.3187;0.2546369;281.3187;462.42;281.3187;1815.998;281.3187;0.2699707;281.3187;97.56;281.3187;361.3725;281.3354;1.555699;281.3354;5717.813;281.3354;3675.397;281.3354;1.080038;281.3354;4519.35;281.3354;4184.438;281.3354;0.998408;281.3354;3428.978;281.3354;3434.445;281.352;1.383665;281.352;3018.915;281.352;2181.825
290.652;0.2564795;290.652;906.21;290.652;3533.265;290.652;0.2552988;290.652;462.6225;290.652;1812.083;290.652;0.2698067;290.652;97.695;290.652;362.0925;290.652;1.552013;290.652;5708.002;290.652;3677.805;290.652;1.080655;290.652;4517.797;290.652;4180.612;290.652;0.998404;290.652;3434.445;290.652;3439.935;290.652;1.386196;290.652;3031.83;290.652;2187.157
291.3187;0.2566203;291.3187;905.5125;291.3187;3528.607;291.3187;0.2548874;291.3187;463.5;291.3187;1818.45;291.3187;0.2732649;291.3187;98.775;291.3187;361.4625;291.3354;1.55188;291.3354;5716.17;291.3354;3683.385;291.3354;1.080588;291.3354;4517.91;291.3354;4180.973;291.3354;1.000643;291.3354;3431.093;291.3354;3428.887;291.352;1.38291;291.352;3029.558;291.352;2190.712
300.652;0.2564341;300.652;905.04;300.652;3529.327;300.652;0.254329;300.652;461.9925;300.652;1816.515;300.652;0.2696379;300.652;98.01;300.652;363.4875;300.652;1.550512;300.652;5706.18;300.652;3680.19;300.652;1.079334;300.652;4519.125;300.652;4186.958;300.652;0.9980125;300.652;3434.76;300.652;3441.6;300.652;1.388714;300.652;3040.492;300.652;2189.43
301.3187;0.2575686;301.3187;907.74;301.3187;3524.265;301.3187;0.2543603;301.3187;460.71;301.3187;1811.25;301.3187;0.2699283;301.3187;97.4475;301.3187;361.0125;301.3354;1.550547;301.3354;5709.623;301.3354;3682.327;301.3354;1.080111;301.3354;4517.348;301.3354;4182.3;301.3354;0.998448;301.3354;3430.462;301.3354;3435.795;301.352;1.388975;301.352;3036.532;301.352;2186.167
310.652;0.2563001;310.652;904.59;310.652;3529.417;310.652;0.2544406;310.652;461.5425;310.652;1813.95;310.652;0.2719717;310.652;98.6625;310.652;362.7675;310.652;1.555209;310.652;5714.752;310.652;3674.587;310.652;1.080356;310.652;4524.255;310.652;4187.745;310.652;0.9970225;310.652;3435.615;310.652;3445.875;310.652;1.388996;310.652;3045.015;310.652;2192.242
311.3187;0.2574282;311.3187;907.0425;311.3187;3523.478;311.3187;0.2556328;311.3187;464.355;311.3187;1816.493;311.3187;0.279254;311.3187;100.7325;311.3187;360.72;311.3354;1.554105;311.3354;5715.135;311.3354;3677.445;311.3354;1.080476;311.3354;4518.922;311.3354;4182.345;311.3354;1.000118;311.3354;3440.407;311.3354;3440.002;311.352;1.385192;311.352;3046.837;311.352;2199.577
320.6687;0.2564065;320.6687;905.0175;320.6687;3529.62;320.652;0.2545962;320.652;462.0825;320.652;1814.963;320.652;0.2712601;320.652;98.325;320.652;362.475;320.652;1.551483;320.652;5710.905;320.652;3680.933;320.652;1.078192;320.652;4520.7;320.652;4192.853;320.652;0.9988428;320.652;3437.393;320.652;3441.375;320.652;1.387504;320.652;3050.55;320.652;2198.587
321.3187;0.2559886;321.3187;903.6;321.3187;3529.845;321.3187;0.2541342;321.3187;461.61;321.3187;1816.402;321.3354;0.2692141;321.3354;97.965;321.3354;363.8925;321.3354;1.551784;321.3354;5715.292;321.3354;3683.048;321.3354;1.080328;321.3354;4517.842;321.3354;4181.917;321.352;0.9995618;321.352;3439.215;321.352;3440.722;321.352;1.390329;321.352;3055.478;321.352;2197.665
330.6687;0.256421;330.6687;905.49;330.6687;3531.262;330.6687;0.2545754;330.6687;462.2625;330.6687;1815.818;330.6687;0.2714755;330.6687;98.4825;330.6687;362.7675;330.652;1.553113;330.652;5719.072;330.652;3682.327;330.652;1.079296;330.652;4519.283;330.652;4187.25;330.652;0.9997844;330.652;3441.893;330.652;3442.635;330.652;1.389793;330.652;3060.427;330.652;2202.075
331.3187;0.2562982;331.3187;905.085;331.3187;3531.375;331.3187;0.2556414;331.3187;463.6575;331.3187;1813.703;331.3354;0.2697576;331.3354;97.92;331.3354;362.9925;331.3354;1.55314;331.3354;5717.632;331.3354;3681.337;331.3354;1.081565;331.3354;4522.433;331.3354;4181.377;331.352;1.000694;331.352;3438.653;331.352;3436.268;331.352;1.387891;331.352;3057.615;331.352;2203.065
340.6687;0.2552998;340.6687;902.8575;340.6687;3536.46;340.6687;0.2558656;340.6687;463.995;340.6687;1813.432;340.6687;0.2710541;340.6687;98.415;340.6687;363.0825;340.6687;1.555071;340.6687;5719.388;340.6687;3677.895;340.6687;1.080778;340.6687;4526.73;340.6687;4188.397;340.652;0.9992167;340.652;3444.097;340.652;3446.798;340.652;1.389863;340.652;3069.653;340.652;2208.6
341.3187;0.2565253;341.3187;905.76;341.3187;3530.88;341.3187;0.2544153;341.3187;462.195;341.3187;1816.695;341.3354;0.2723772;341.3354;98.6625;341.3354;362.2275;341.3354;1.553937;341.3354;5716.373;341.3354;3678.637;341.3354;1.080329;341.3354;4528.08;341.3354;4191.39;341.352;0.9986802;341.352;3439.147;341.352;3443.692;341.352;1.388302;341.352;3070.17;341.352;2211.458
350.6687;0.2556166;350.6687;903.42;350.6687;3534.278;350.6687;0.2553548;350.6687;463.5225;350.6687;1815.21;350.6687;0.2703036;350.6687;98.55;350.6687;364.59;350.6687;1.551617;350.6687;5713.875;350.6687;3682.53;350.6687;1.079558;350.6687;4526.888;350.6687;4193.28;350.6687;0.9994131;350.6687;3448.08;350.6687;3450.105;350.6687;1.387685;350.6687;3078.36;350.6687;2218.343
351.3187;0.2563748;351.3187;904.8825;351.3187;3529.53;351.3187;0.2539869;351.3187;461.5425;351.3187;1817.19;351.3354;0.2703005;351.3354;97.74;351.3354;361.5975;351.3354;1.553358;351.3354;5714.348;351.3354;3678.705;351.3354;1.08068;351.3354;4520.7;351.3354;4183.2;351.352;0.9993862;351.352;3443.647;351.352;3445.762;351.352;1.391929;351.352;3081.105;351.352;2213.55
360.6687;0.2563893;360.6687;905.805;360.6687;3532.927;360.6687;0.2554332;360.6687;464.3775;360.6687;1818;360.6687;0.2685128;360.6687;97.74;360.6687;364.005;360.6687;1.551677;360.6687;5715.495;360.6687;3683.43;360.6687;1.080019;360.6687;4527.945;360.6687;4192.47;360.6687;1.001366;360.6687;3447.675;360.6687;3442.972;360.6687;1.391225;360.6687;3085.492;360.6687;2217.825
361.3187;0.2563408;361.3187;905.5125;361.3187;3532.455;361.3354;0.2552817;361.3354;464.085;361.3354;1817.932;361.3354;0.2704196;361.3354;98.0325;361.3354;362.52;361.3354;1.557035;361.3354;5727.803;361.3354;3678.66;361.352;1.080085;361.352;4529.34;361.352;4193.505;361.352;1.00002;361.352;3449.835;361.352;3449.768;361.352;1.391101;361.352;3090.758;361.352;2221.808
370.652;0.2556484;370.652;904.815;370.652;3539.295;370.652;0.2546431;370.652;463.05;370.652;1818.427;370.652;0.2716594;370.652;98.3475;370.652;362.025;370.652;1.554325;370.652;5721.75;370.652;3681.18;370.652;1.080941;370.652;4535.145;370.652;4195.553;370.652;1.000306;370.652;3456.18;370.652;3455.123;370.652;1.39084;370.652;3101.445;370.652;2229.907
371.302;0.2566694;371.302;906.39;371.302;3531.353;371.3187;0.2549561;371.3187;463.5675;371.3187;1818.225;371.3187;0.2703255;371.3187;98.3025;371.3187;363.645;371.3187;1.552384;371.3187;5719.95;371.3187;3684.623;371.3354;1.081161;371.3354;4534.268;371.3354;4193.888;371.3354;1.001579;371.3354;3454.538;371.3354;3449.093;371.3354;1.391317;371.3354;3099.847;371.3354;2227.995
380.652;0.2561784;380.652;906.57;380.652;3538.823;380.652;0.2537853;380.652;462.3525;380.652;1821.825;380.652;0.270541;380.652;98.46;380.652;363.9375;380.652;1.554354;380.652;5731.65;380.652;3687.48;380.652;1.080482;380.652;4540.05;380.652;4201.875;380.652;1.001831;380.652;3459.24;380.652;3452.917;380.652;1.389076;380.652;3114.45;380.652;2242.103
381.302;0.256677;381.302;907.7625;381.302;3536.595;381.3187;0.2558589;381.3187;464.5125;381.3187;1815.502;381.3187;0.2711696;381.3187;98.28;381.3187;362.43;381.3187;1.553529;381.3187;5724.203;381.3187;3684.645;381.3354;1.080146;381.3354;4531.905;381.3354;4195.643;381.3354;0.999004;381.3354;3452.94;381.3354;3456.383;381.3354;1.38859;381.3354;3111.705;381.3354;2240.91
390.652;0.2562014;390.652;906.7725;390.652;3539.295;390.652;0.255256;390.652;464.67;390.652;1820.407;390.652;0.2739974;390.652;98.8425;390.652;360.7425;390.652;1.554575;390.652;5736.172;390.652;3689.865;390.652;1.08152;390.652;4542.368;390.652;4199.985;390.652;1.0005;390.652;3466.26;390.652;3464.528;390.652;1.392953;390.652;3127.5;390.652;2245.23
391.302;0.255729;391.302;906.165;391.302;3543.458;391.3187;0.2547822;391.3187;464.5125;391.3187;1823.175;391.3187;0.271489;391.3187;98.2125;391.3187;361.755;391.3187;1.550638;391.3187;5740.065;391.3187;3701.745;391.3354;1.081823;391.3354;4540.77;391.3354;4197.33;391.3354;1.001894;391.3354;3463.425;391.3354;3456.877;391.3354;1.390471;391.3354;3122.46;391.3354;2245.613
400.652;0.2564385;400.652;910.485;400.652;3550.5;400.652;0.2541414;400.652;462.8925;400.652;1821.397;400.652;0.2746431;400.652;99.99;400.652;364.0725;400.652;1.554069;400.652;5748.57;400.652;3699.045;400.652;1.080954;400.652;4546.17;400.652;4205.7;400.652;1.002253;400.652;3473.595;400.652;3465.788;400.652;1.393859;400.652;3140.73;400.652;2253.262
401.3187;0.2562848;401.3187;908.7975;401.3187;3546.045;401.3187;0.2553686;401.3187;465.03;401.3187;1821.015;401.3187;0.2716995;401.3187;98.955;401.3187;364.2075;401.3354;1.557146;401.3354;5755.118;401.3354;3695.94;401.3354;1.082356;401.3354;4549.118;401.3354;4202.978;401.3354;1.002364;401.3354;3473.28;401.3354;3465.09;401.352;1.389695;401.352;3139.133;401.352;2258.865
410.652;0.2568724;410.652;911.43;410.652;3548.183;410.652;0.254642;410.652;465.3225;410.652;1827.36;410.652;0.2716545;410.652;98.9325;410.652;364.185;410.652;1.553516;410.652;5758.897;410.652;3707.01;410.652;1.081131;410.652;4559.197;410.652;4217.063;410.652;1.000479;410.652;3476.903;410.652;3475.238;410.652;1.396721;410.652;3154.972;410.652;2258.843
411.3187;0.2563192;411.3187;911.0475;411.3187;3554.347;411.3187;0.2561404;411.3187;467.64;411.3187;1825.718;411.3187;0.2707806;411.3187;98.73;411.3187;364.6125;411.3354;1.553438;411.3354;5752.913;411.3354;3703.343;411.3354;1.080902;411.3354;4556.993;411.3354;4215.915;411.3354;1.003535;411.3354;3481.222;411.3354;3468.96;411.352;1.392917;411.352;3154.748;411.352;2264.85
420.652;0.2565374;420.652;912.735;420.652;3557.903;420.652;0.2544876;420.652;466.0425;420.652;1831.297;420.652;0.2696546;420.652;98.55;420.652;365.4675;420.652;1.552326;420.652;5751.833;420.652;3705.3;420.652;1.079857;420.652;4562.595;420.652;4225.185;420.652;1.002251;420.652;3486.982;420.652;3479.153;420.652;1.395909;420.652;3169.44;420.652;2270.52
421.3187;0.2575043;421.3187;914.715;421.3187;3552.232;421.3187;0.2562615;421.3187;468.0225;421.3187;1826.348;421.3187;0.2718107;421.3187;99.4725;421.3187;365.9625;421.3354;1.554783;421.3354;5758.245;421.3354;3703.567;421.3354;1.081096;421.3354;4563.72;421.3354;4221.382;421.3354;1.000718;421.3354;3482.415;421.3354;3479.917;421.352;1.397715;421.352;3173.445;421.352;2270.452
430.652;0.2563002;430.652;912.1275;430.652;3558.825;430.652;0.2551791;430.652;466.7175;430.652;1828.98;430.652;0.2733751;430.652;99.27;430.652;363.1275;430.652;1.555045;430.652;5766.525;430.652;3708.27;430.652;1.079963;430.652;4563.36;430.652;4225.478;430.652;1.00267;430.652;3489.39;430.652;3480.097;430.652;1.390778;430.652;3176.595;430.652;2284.042
431.3187;0.2572058;431.3187;913.95;431.3187;3553.38;431.3187;0.2546804;431.3187;466.47;431.3187;1831.59;431.3187;0.2685767;431.3187;98.0775;431.3187;365.175;431.3354;1.555319;431.3354;5760.72;431.3354;3703.883;431.3354;1.082277;431.3354;4564.98;431.3354;4217.94;431.3354;1.002785;431.3354;3492.157;431.3354;3482.46;431.352;1.396702;431.352;3186.607;431.352;2281.522
440.6687;0.2553512;440.6687;912.0825;440.6687;3571.875;440.652;0.2551909;440.652;466.785;440.652;1829.16;440.652;0.2724428;440.652;99.9;440.652;366.6825;440.652;1.556046;440.652;5762.678;440.652;3703.41;440.652;1.080837;440.652;4570.65;440.652;4228.808;440.652;1.002808;440.652;3495.038;440.652;3485.25;440.652;1.395797;440.652;3199.208;440.652;2292.03
441.3187;0.256397;441.3187;914.445;441.3187;3566.52;441.3187;0.2557248;441.3187;468.1125;441.3187;1830.532;441.3354;0.2740157;441.3354;100.0575;441.3354;365.1525;441.3354;1.552095;441.3354;5761.732;441.3354;3712.23;441.3354;1.082535;441.3354;4567.725;441.3354;4219.47;441.352;1.005141;441.352;3501.563;441.352;3483.653;441.352;1.395489;441.352;3199.32;441.352;2292.615
450.6687;0.2566409;450.6687;914.7375;450.6687;3564.27;450.6687;0.25561;450.6687;468.2475;450.6687;1831.882;450.6687;0.2761153;450.6687;100.6875;450.6687;364.6575;450.652;1.556057;450.652;5774.445;450.652;3710.948;450.652;1.081146;450.652;4573.103;450.652;4229.865;450.652;1.004237;450.652;3503.52;450.652;3488.738;450.652;1.396607;450.652;3215.363;450.652;2302.268
451.3187;0.2569717;451.3187;917.0325;451.3187;3568.613;451.3187;0.2566355;451.3187;469.26;451.3187;1828.507;451.3354;0.27006;451.3354;99.2025;451.3354;367.335;451.3354;1.554605;451.3354;5769.337;451.3354;3711.127;451.3354;1.080321;451.3354;4570.56;451.3354;4230.743;451.352;1.003423;451.352;3502.26;451.352;3490.313;451.352;1.39645;451.352;3212.55;451.352;2300.512
460.6687;0.257033;460.6687;917.685;460.6687;3570.3;460.6687;0.2555895;460.6687;469.4175;460.6687;1836.608;460.6687;0.2726826;460.6687;99.8775;460.6687;366.2775;460.6687;1.553707;460.6687;5768.978;460.6687;3713.04;460.652;1.078856;460.652;4573.147;460.652;4238.888;460.652;1.003283;460.652;3513.33;460.652;3501.833;460.652;1.398131;460.652;3232.147;460.652;2311.762
461.3187;0.2566738;461.3187;915.975;461.3187;3568.635;461.3187;0.2556432;461.3187;469.125;461.3187;1835.078;461.3354;0.2716795;461.3354;99.18;461.3354;365.0625;461.3354;1.556244;461.3354;5772.375;461.3354;3709.17;461.3354;1.078054;461.3354;4568.197;461.3354;4237.447;461.352;1.004014;461.352;3511.373;461.352;3497.333;461.352;1.3944;461.352;3231.742;461.352;2317.657
470.6687;0.2559921;470.6687;912.9375;470.6687;3566.272;470.6687;0.2549782;470.6687;467.595;470.6687;1833.863;470.6687;0.2715724;470.6687;99.5625;470.6687;366.615;470.6687;1.551432;470.6687;5773.027;470.6687;3721.095;470.6687;1.079915;470.6687;4579.897;470.6687;4240.98;470.6687;1.004957;470.6687;3517.087;470.6687;3499.74;470.6687;1.398377;470.6687;3249.518;470.6687;2323.778
471.3187;0.2567715;471.3187;914.8275;471.3187;3562.808;471.3187;0.2558844;471.3187;469.1475;471.3187;1833.435;471.3354;0.2709472;471.3354;99.315;471.3354;366.5475;471.3354;1.553262;471.3354;5774.175;471.3354;3717.45;471.352;1.082449;471.352;4579.223;471.352;4230.428;471.352;1.005488;471.352;3516.345;471.352;3497.153;471.352;1.399205;471.352;3248.955;471.352;2322
480.6687;0.2563739;480.6687;915.6375;480.6687;3571.492;480.6687;0.2561787;480.6687;470.4075;480.6687;1836.248;480.6687;0.2695092;480.6687;98.8425;480.6687;366.75;480.6687;1.55495;480.6687;5779.575;480.6687;3716.887;480.6687;1.080832;480.6687;4582.305;480.6687;4239.607;480.6687;1.003404;480.6687;3521.835;480.6687;3509.887;480.6687;1.398699;480.6687;3264.615;480.6687;2334.038
481.3187;0.2570093;481.3187;916.785;481.3187;3567.127;481.3354;0.2543617;481.3354;468.4275;481.3354;1841.58;481.3354;0.2743357;481.3354;100.125;481.3354;364.9725;481.3354;1.559352;481.3354;5783.692;481.3354;3709.035;481.352;1.08164;481.352;4585.095;481.352;4239.022;481.352;1.006251;481.352;3524.242;481.352;3502.35;481.352;1.399927;481.352;3269.97;481.352;2335.815
490.652;0.2566844;490.652;917.145;490.652;3573.045;490.652;0.2542582;490.652;468.8775;490.652;1844.1;490.652;0.2715309;490.652;99.81;490.652;367.5825;490.652;1.556985;490.652;5782.163;490.652;3713.692;490.652;1.081685;490.652;4586.917;490.652;4240.53;490.652;1.006508;490.652;3532.073;490.652;3509.235;490.652;1.399887;490.652;3282.885;490.652;2345.107
491.302;0.2561159;491.302;914.67;491.302;3571.313;491.3187;0.2543692;491.3187;466.9875;491.3187;1835.865;491.3187;0.2715467;491.3187;99.7425;491.3187;367.3125;491.3187;1.554324;491.3187;5781.06;491.3187;3719.34;491.3354;1.080693;491.3354;4586.94;491.3354;4244.445;491.3354;1.008274;491.3354;3531.532;491.3354;3502.552;491.3354;1.403334;491.3354;3291.885;491.3354;2345.76
500.652;0.2562428;500.652;917.5275;500.652;3580.695;500.652;0.2551008;500.652;469.8;500.652;1841.625;500.652;0.2720934;500.652;100.1025;500.652;367.8975;500.652;1.558175;500.652;5785.74;500.652;3713.153;500.652;1.080823;500.652;4588.2;500.652;4245.098;500.652;1.006066;500.652;3537.585;500.652;3516.255;500.652;1.401677;500.652;3305.25;500.652;2358.067
501.302;0.2565012;501.302;917.91;501.302;3578.58;501.3187;0.2555336;501.3187;470.6775;501.3187;1841.94;501.3187;0.2737043;501.3187;100.2825;501.3187;366.39;501.3187;1.55578;501.3187;5785.11;501.3187;3718.462;501.3354;1.08229;501.3354;4584.735;501.3354;4236.143;501.3354;1.00624;501.3354;3537.765;501.3354;3515.827;501.352;1.401123;501.352;3302.617;501.352;2357.123
510.652;0.2569368;510.652;919.6425;510.652;3579.255;510.652;0.255506;510.652;469.3275;510.652;1836.855;510.652;0.2718423;510.652;99.9;510.652;367.4925;510.652;1.552751;510.652;5782.478;510.652;3724.02;510.652;1.080204;510.652;4596.75;510.652;4255.447;510.652;1.007767;510.652;3543.907;510.652;3516.593;510.652;1.39996;510.652;3322.62;510.652;2373.367
511.3187;0.2575817;511.3187;920.3625;511.3187;3573.09;511.3187;0.2545537;511.3187;467.5725;511.3187;1836.833;511.3187;0.2696958;511.3187;99.36;511.3187;368.415;511.3354;1.558166;511.3354;5789.317;511.3354;3715.47;511.3354;1.081382;511.3354;4592.542;511.3354;4246.92;511.3354;1.006819;511.3354;3544.515;511.3354;3520.508;511.352;1.402883;511.352;3326.558;511.352;2371.23
520.652;0.2565464;520.652;919.665;520.652;3584.79;520.652;0.2569348;520.652;472.2525;520.652;1838.025;520.652;0.2717157;520.652;99.45;520.652;366.0075;520.652;1.555829;520.652;5784.908;520.652;3718.215;520.652;1.082134;520.652;4601.07;520.652;4251.848;520.652;1.006307;520.652;3546.72;520.652;3524.49;520.652;1.403356;520.652;3347.415;520.652;2385.292
521.3187;0.2573443;521.3187;918.09;521.3187;3567.555;521.3187;0.2546865;521.3187;468.9225;521.3187;1841.175;521.3187;0.2704291;521.3187;99.405;521.3187;367.5825;521.3353;1.557408;521.3353;5793.93;521.3353;3720.24;521.3353;1.080114;521.3353;4592.43;521.3353;4251.803;521.3353;1.007864;521.3353;3552.57;521.3353;3524.85;521.352;1.402346;521.352;3346.897;521.352;2386.643
530.6687;0.2574133;530.6687;920.925;530.6687;3577.613;530.652;0.2556586;530.652;470.925;530.652;1842.007;530.652;0.2716579;530.652;99.765;530.652;367.245;530.652;1.55426;530.652;5789.317;530.652;3724.808;530.652;1.081802;530.652;4600.192;530.652;4252.342;530.652;1.007885;530.652;3560.4;530.652;3532.545;530.652;1.402866;530.652;3367.867;530.652;2400.705
531.3187;0.2571012;531.3187;920.925;531.3187;3581.955;531.3187;0.255012;531.3187;469.3725;531.3187;1840.59;531.3353;0.2727495;531.3353;100.215;531.3353;367.425;531.3353;1.556761;531.3353;5785.605;531.3353;3716.438;531.3353;1.082811;531.3353;4599.877;531.3353;4248.09;531.352;1.007331;531.352;3555.383;531.352;3529.508;531.352;1.402606;531.352;3364.56;531.352;2398.792
540.6687;0.2565552;540.6687;920.2275;540.6687;3586.86;540.6687;0.2546433;540.6687;469.5075;540.6687;1843.785;540.652;0.2738803;540.652;100.575;540.652;367.2225;540.652;1.556528;540.652;5791.882;540.652;3721.028;540.652;1.082138;540.652;4608.877;540.652;4259.047;540.652;1.010102;540.652;3568.073;540.652;3532.387;540.652;1.406882;540.652;3393.653;540.652;2412.18
541.3187;0.2566603;541.3187;919.08;541.3187;3580.92;541.3187;0.2557682;541.3187;471.15;541.3187;1842.098;541.3353;0.2706979;541.3353;99.315;541.3353;366.885;541.3353;1.558712;541.3353;5794.47;541.3353;3717.472;541.3353;1.082594;541.3353;4603.635;541.3353;4252.41;541.352;1.007792;541.352;3564.923;541.352;3537.36;541.352;1.40865;541.352;3393.607;541.352;2409.12
550.6687;0.2576443;550.6687;922.905;550.6687;3582.09;550.6687;0.2559671;550.6687;471.24;550.6687;1841.017;550.6687;0.2722446;550.6687;100.3725;550.6687;368.685;550.6687;1.556806;550.6687;5793.48;550.6687;3721.387;550.6687;1.081383;550.6687;4608.337;550.6687;4261.522;550.652;1.007884;550.652;3575.363;550.652;3547.395;550.652;1.402897;550.652;3410.933;550.652;2431.35
551.3187;0.2585062;551.3187;926.01;551.3187;3582.157;551.3187;0.2561466;551.3187;472.5675;551.3187;1844.91;551.3353;0.2761322;551.3353;101.52;551.3353;367.65;551.3353;1.555355;551.3353;5789.655;551.3353;3722.4;551.3353;1.08387;551.3353;4605.547;551.3353;4249.17;551.352;1.010601;551.352;3573.495;551.352;3536.01;551.352;1.407563;551.352;3417.21;551.352;2427.75
560.6688;0.2571877;560.6688;921.2175;560.6688;3581.887;560.6688;0.2548993;560.6688;470.0025;560.6688;1843.875;560.6688;0.2752854;560.6688;101.475;560.6688;368.6175;560.6688;1.555675;560.6688;5790.285;560.6688;3722.04;560.6688;1.082414;560.6688;4602.915;560.6688;4252.455;560.6688;1.012135;560.6688;3582.495;560.6688;3539.542;560.6521;1.406979;560.6521;3439.282;560.6521;2444.445
561.3187;0.2569527;561.3187;920.925;561.3187;3584.025;561.3187;0.2554744;561.3187;471.195;561.3187;1844.392;561.3354;0.2692613;561.3354;99.315;561.3354;368.8425;561.3354;1.557009;561.3354;5792.13;561.3354;3720.038;561.3354;1.081975;561.3354;4605.772;561.3354;4256.82;561.3521;1.009813;561.3521;3577.252;561.3521;3542.49;561.3521;1.408726;561.3521;3439.305;561.3521;2441.43
570.6688;0.2573137;570.6688;923.6025;570.6688;3589.403;570.6688;0.2553129;570.6688;471.69;570.6688;1847.498;570.6688;0.271568;570.6688;100.1475;570.6688;368.775;570.6688;1.555837;570.6688;5798.272;570.6688;3726.788;570.6688;1.081295;570.6688;4611.127;570.6688;4264.447;570.6688;1.00898;570.6688;3587.377;570.6688;3555.45;570.6521;1.408331;570.6521;3466.732;570.6521;2461.59
571.3187;0.2577737;571.3187;924.975;571.3187;3588.323;571.3354;0.2556345;571.3354;472.635;571.3354;1848.87;571.3354;0.273657;571.3354;99.945;571.3354;365.22;571.3354;1.555009;571.3354;5791.095;571.3354;3724.155;571.3521;1.082789;571.3521;4612.748;571.3521;4260.06;571.3521;1.010894;571.3521;3589.042;571.3521;3550.365;571.3521;1.412485;571.3521;3466.597;571.3521;2454.255
580.6521;0.2577045;580.6521;925.3125;580.6521;3590.595;580.6521;0.2558463;580.6521;472.14;580.6521;1845.405;580.6521;0.2688297;580.6521;99.18;580.6521;368.9325;580.6521;1.555118;580.6521;5794.65;580.6521;3726.18;580.6521;1.082161;580.6521;4603.522;580.6521;4254.007;580.6521;1.013699;580.6521;3596.198;580.6521;3547.597;580.6521;1.414341;580.6521;3498.84;580.6521;2473.83
581.3021;0.2579343;581.3021;924.3675;581.3021;3583.732;581.3187;0.2560036;581.3187;471.8025;581.3187;1842.953;581.3187;0.2721167;581.3187;100.2825;581.3187;368.5275;581.3187;1.554643;581.3187;5795.257;581.3187;3727.71;581.3354;1.083429;581.3354;4609.89;581.3354;4254.908;581.3354;1.01096;581.3354;3594.465;581.3354;3555.495;581.3354;1.409953;581.3354;3496.613;581.3354;2479.95
590.6521;0.2576201;590.6521;924.4125;590.6521;3588.278;590.6521;0.2568101;590.6521;474.3;590.6521;1846.89;590.6521;0.2719448;590.6521;100.2375;590.6521;368.595;590.6521;1.553543;590.6521;5790.353;590.6521;3727.192;590.6521;1.082112;590.6521;4612.027;590.6521;4262.063;590.6521;1.013112;590.6521;3603.938;590.6521;3557.295;590.6521;1.412862;590.6521;3522.87;590.6521;2493.427
591.3021;0.2577336;591.3021;926.6175;591.3021;3595.252;591.3187;0.2566498;591.3187;472.8375;591.3187;1842.345;591.3187;0.2723051;591.3187;100.26;591.3187;368.19;591.3187;1.554149;591.3187;5791.32;591.3187;3726.36;591.3354;1.081815;591.3354;4607.527;591.3354;4259.07;591.3354;1.010336;591.3354;3600.292;591.3354;3563.46;591.3354;1.411554;591.3354;3525.008;591.3354;2497.252
600.6521;0.2581564;600.6521;927.7425;600.6521;3593.722;600.6521;0.2563937;600.6521;473.6925;600.6521;1847.52;600.6521;0.2706442;600.6521;99.9225;600.6521;369.2025;600.6521;1.55535;600.6521;5794.605;600.6521;3725.595;600.6521;1.080125;600.6521;4603.342;600.6521;4261.86;600.6521;1.01625;600.6521;3620.43;600.6521;3562.538;600.6521;1.417311;600.6521;3561.93;600.6521;2513.16
601.3187;0.2576868;601.3187;926.4375;601.3187;3595.208;601.3187;0.2552626;601.3187;471.195;601.3187;1845.922;601.3187;0.2729728;601.3187;100.0575;601.3187;366.5475;601.3354;1.554424;601.3354;5798.115;601.3354;3730.073;601.3354;1.08132;601.3354;4601.138;601.3354;4255.11;601.3354;1.015441;601.3354;3614.827;601.3354;3559.86;601.3521;1.413884;601.3521;3560.603;601.3521;2518.313
610.6521;0.2586015;610.6521;929.115;610.6521;3592.845;610.6521;0.2559051;610.6521;474.3675;610.6521;1853.685;610.6521;0.27311;610.6521;100.71;610.6521;368.7525;610.6521;1.555046;610.6521;5796.203;610.6521;3727.35;610.6521;1.08282;610.6521;4610.295;610.6521;4257.675;610.6521;1.0163;610.6521;3624.975;610.6521;3566.835;610.6521;1.416097;610.6521;3591.315;610.6521;2536.065
611.3187;0.2585339;611.3187;929.4075;611.3187;3594.915;611.3187;0.2564309;611.3187;473.265;611.3187;1845.585;611.3187;0.2715906;611.3187;100.1925;611.3187;368.91;611.3354;1.558941;611.3354;5803.74;611.3354;3722.873;611.3354;1.080248;611.3354;4601.993;611.3354;4260.127;611.3354;1.015726;611.3354;3627.292;611.3354;3571.133;611.3521;1.415488;611.3521;3591.202;611.3521;2537.077
620.6521;0.2579153;620.6521;929.6325;620.6521;3604.41;620.6521;0.2559601;620.6521;472.995;620.6521;1847.925;620.6521;0.2741179;620.6521;101.205;620.6521;369.2025;620.6521;1.557349;620.6521;5796.833;620.6521;3722.242;620.6521;1.082663;620.6521;4615.402;620.6521;4263.007;620.6521;1.014336;620.6521;3628.08;620.6521;3576.802;620.6521;1.415539;620.6521;3625.538;620.6521;2561.242
621.3187;0.2574366;621.3187;927.27;621.3187;3601.935;621.3187;0.2562325;621.3187;474.7725;621.3187;1852.897;621.3187;0.2722145;621.3187;100.98;621.3187;370.9575;621.3354;1.551856;621.3354;5795.797;621.3354;3734.752;621.3354;1.080191;621.3354;4605.277;621.3354;4263.39;621.3354;1.015418;621.3354;3635.01;621.3354;3579.817;621.3521;1.416067;621.3521;3628.485;621.3521;2562.367
630.6688;0.258871;630.6688;931.2075;630.6688;3597.188;630.6521;0.2569014;630.6521;476.145;630.6521;1853.415;630.6521;0.2701471;630.6521;100.0125;630.6521;370.215;630.6521;1.553867;630.6521;5791.77;630.6521;3727.327;630.6521;1.082887;630.6521;4611.263;630.6521;4258.305;630.6521;1.013945;630.6521;3638.317;630.6521;3588.278;630.6521;1.417333;630.6521;3660.525;630.6521;2582.685
631.3187;0.2585002;631.3187;929.7225;631.3187;3596.603;631.3187;0.2574566;631.3187;475.83;631.3187;1848.195;631.3354;0.2723389;631.3354;100.395;631.3354;368.64;631.3354;1.557378;631.3354;5799.6;631.3354;3723.952;631.3354;1.08191;631.3354;4611.51;631.3354;4262.377;631.3521;1.016331;631.3521;3643.425;631.3521;3584.88;631.3521;1.417429;631.3521;3663.292;631.3521;2584.462
640.6688;0.2592211;640.6688;933.9075;640.6688;3602.745;640.6688;0.2575794;640.6688;477.5175;640.6688;1853.865;640.6688;0.2685935;640.6688;99.945;640.6688;372.105;640.6521;1.556409;640.6521;5792.737;640.6521;3721.86;640.6521;1.080286;640.6521;4606.627;640.6521;4264.268;640.6521;1.0181;640.6521;3653.843;640.6521;3588.885;640.6521;1.419354;640.6521;3701.16;640.6521;2607.637
641.3187;0.2585654;641.3187;931.0275;641.3187;3600.742;641.3187;0.2580265;641.3187;478.2825;641.3187;1853.618;641.3354;0.2745564;641.3354;101.3175;641.3354;369.0225;641.3354;1.556526;641.3354;5792.715;641.3354;3721.567;641.3354;1.083727;641.3354;4613.107;641.3354;4256.708;641.3521;1.017671;641.3521;3650.265;641.3521;3586.883;641.3521;1.42075;641.3521;3702.308;641.3521;2605.883
650.6688;0.2585202;650.6688;933.075;650.6688;3609.292;650.6688;0.2572595;650.6688;478.0125;650.6688;1858.095;650.6688;0.278989;650.6688;103.0725;650.6688;369.45;650.6688;1.557009;650.6688;5798.542;650.6688;3724.155;650.6521;1.081903;650.6521;4605.66;650.6521;4257;650.6521;1.021032;650.6521;3675.6;650.6521;3599.887;650.6521;1.420434;650.6521;3744.405;650.6521;2636.1
651.3187;0.2586243;651.3187;930.96;651.3187;3599.663;651.3187;0.257261;651.3187;477.315;651.3187;1855.373;651.3354;0.2725059;651.3354;100.7325;651.3354;369.6525;651.3354;1.5592;651.3354;5799.51;651.3354;3719.542;651.3354;1.083816;651.3354;4607.685;651.3354;4251.353;651.3521;1.018335;651.3521;3666.6;651.3521;3600.585;651.3521;1.422686;651.3521;3745.35;651.3521;2632.59
660.6688;0.2582764;660.6688;933.3225;660.6688;3613.657;660.6688;0.2573838;660.6688;478.035;660.6688;1857.285;660.6688;0.2740326;660.6688;101.34;660.6688;369.81;660.6688;1.554717;660.6688;5789.272;660.6688;3723.683;660.6688;1.082635;660.6688;4617.18;660.6688;4264.763;660.6688;1.020816;660.6688;3677.692;660.6688;3602.7;660.6521;1.421188;660.6521;3778.785;660.6521;2658.893
661.3187;0.2584139;661.3187;931.5225;661.3187;3604.77;661.3187;0.2578406;661.3187;478.9125;661.3187;1857.397;661.3354;0.2686622;661.3354;99.765;661.3354;371.34;661.3354;1.555634;661.3354;5793.143;661.3354;3723.975;661.3521;1.081417;661.3521;4612.545;661.3521;4265.28;661.3521;1.020745;661.3521;3677.76;661.3521;3603.015;661.3521;1.420864;661.3521;3780.225;661.3521;2660.512
670.6688;0.2581537;670.6688;930.7125;670.6688;3605.265;670.6688;0.2576861;670.6688;479.385;670.6688;1860.345;670.6688;0.273524;670.6688;101.115;670.6688;369.675;670.6688;1.554398;670.6688;5792.107;670.6688;3726.27;670.6688;1.082531;670.6688;4620.172;670.6688;4267.935;670.6688;1.022558;670.6688;3691.125;670.6688;3609.698;670.6688;1.422871;670.6688;3825.36;670.6688;2688.48
671.3187;0.2590202;671.3187;933.7725;671.3187;3605.018;671.3354;0.2578788;671.3354;479.61;671.3354;1859.828;671.3354;0.2716552;671.3354;100.5525;671.3354;370.1475;671.3354;1.55565;671.3354;5795.303;671.3354;3725.325;671.3521;1.081627;671.3521;4613.76;671.3521;4265.572;671.3521;1.020911;671.3521;3690.855;671.3521;3615.255;671.3521;1.426692;671.3521;3830.625;671.3521;2684.97
680.6521;0.2571852;680.6521;929.9925;680.6521;3616.042;680.6521;0.2581366;680.6521;480.9375;680.6521;1863.113;680.6521;0.2724501;680.6521;100.5525;680.6521;369.0675;680.6521;1.558067;680.6521;5795.752;680.6521;3719.835;680.6521;1.08191;680.6521;4624.897;680.6521;4274.752;680.6521;1.021437;680.6521;3702.938;680.6521;3625.222;680.6521;1.428509;680.6521;3872.722;680.6521;2711.025
681.3187;0.2577663;681.3187;929.745;681.3187;3606.93;681.3187;0.2575631;681.3187;478.71;681.3187;1858.613;681.3187;0.2713239;681.3187;100.845;681.3187;371.6775;681.3354;1.557335;681.3354;5793.66;681.3354;3720.24;681.3354;1.08141;681.3354;4621.86;681.3354;4273.92;681.3354;1.02239;681.3354;3699.788;681.3354;3618.765;681.3521;1.427239;681.3521;3873.938;681.3521;2714.288
690.6521;0.2587677;690.6521;933.0075;690.6521;3605.58;690.6521;0.2585982;690.6521;481.4775;690.6521;1861.875;690.6521;0.2747915;690.6521;101.565;690.6521;369.6075;690.6521;1.554906;690.6521;5793.615;690.6521;3726.022;690.6521;1.080752;690.6521;4620.848;690.6521;4275.585;690.6521;1.022093;690.6521;3712.95;690.6521;3632.692;690.6521;1.428657;690.6521;3912.728;690.6521;2738.745
691.3187;0.2588809;691.3187;933.3225;691.3187;3605.22;691.3187;0.2589949;691.3187;480.87;691.3187;1856.677;691.3187;0.2758029;691.3187;101.25;691.3187;367.11;691.3354;1.555421;691.3354;5790.353;691.3354;3722.692;691.3354;1.083597;691.3354;4622.355;691.3354;4265.752;691.3354;1.023226;691.3354;3713.265;691.3354;3628.98;691.3521;1.42896;691.3521;3915.968;691.3521;2740.433
700.6521;0.2591824;700.6521;935.325;700.6521;3608.752;700.6521;0.2581186;700.6521;481.4325;700.6521;1865.16;700.6521;0.2737304;700.6521;101.025;700.6521;369.0675;700.6521;1.551874;700.6521;5796.495;700.6521;3735.157;700.6521;1.082675;700.6521;4622.152;700.6521;4269.195;700.6521;1.023144;700.6521;3731.962;700.6521;3647.542;700.6521;1.427338;700.6521;3953.498;700.6521;2769.84
701.3187;0.2573464;701.3187;930.06;701.3187;3614.04;701.3187;0.2590392;701.3187;481.6575;701.3187;1859.4;701.3187;0.2724786;701.3187;100.845;701.3187;370.1025;701.3354;1.555711;701.3354;5795.212;701.3354;3725.123;701.3354;1.080245;701.3354;4618.777;701.3354;4275.675;701.3354;1.02667;701.3354;3735.653;701.3354;3638.61;701.3521;1.426988;701.3521;3954.262;701.3521;2771.055
710.6521;0.2577604;710.6521;931.9275;710.6521;3615.48;710.6521;0.2583906;710.6521;481.3875;710.6521;1863.022;710.6521;0.274125;710.6521;101.4975;710.6521;370.26;710.6521;1.555938;710.6521;5796.9;710.6521;3725.663;710.6521;1.083861;710.6521;4641.21;710.6521;4282.11;710.6521;1.028835;710.6521;3753.923;710.6521;3648.712;710.6521;1.43024;710.6521;4000.41;710.6521;2797.02
711.3187;0.2594336;711.3187;936.36;711.3187;3609.248;711.3187;0.2586353;711.3187;481.5;711.3187;1861.695;711.3187;0.2744014;711.3187;101.5875;711.3187;370.215;711.3354;1.554194;711.3354;5795.123;711.3354;3728.7;711.3354;1.082634;711.3354;4634.01;711.3354;4280.31;711.3354;1.026297;711.3354;3752.1;711.3354;3655.958;711.3521;1.434096;711.3521;4011.39;711.3521;2797.155
720.6521;0.2589286;720.6521;934.5375;720.6521;3609.248;720.6521;0.2582545;720.6521;482.5575;720.6521;1868.535;720.6521;0.2726996;720.6521;100.755;720.6521;369.4725;720.6521;1.555377;720.6521;5794.425;720.6521;3725.415;720.6521;1.082218;720.6521;4636.125;720.6521;4283.91;720.6521;1.029177;720.6521;3767.535;720.6521;3660.728;720.6521;1.432347;720.6521;4054.163;720.6521;2830.433
721.3187;0.2590918;721.3187;935.82;721.3187;3611.925;721.3187;0.2590103;721.3187;482.8275;721.3187;1864.125;721.3187;0.273428;721.3187;101.3625;721.3187;370.71;721.3354;1.55638;721.3354;5801.558;721.3354;3727.597;721.3354;1.081369;721.3354;4633.897;721.3354;4285.215;721.3354;1.027166;721.3354;3764.475;721.3354;3664.913;721.3521;1.433196;721.3521;4052.115;721.3521;2827.327
730.6688;0.259173;730.6688;936.405;730.6688;3613.05;730.6688;0.258817;730.6688;484.785;730.6688;1873.08;730.6521;0.2741513;730.6521;101.205;730.6521;369.1575;730.6521;1.557333;730.6521;5795.123;730.6521;3721.185;730.6521;1.083088;730.6521;4645.553;730.6521;4289.175;730.6521;1.032891;730.6521;3791.542;730.6521;3670.808;730.6521;1.433034;730.6521;4098.667;730.6521;2860.133
731.3187;0.260152;731.3187;937.665;731.3187;3604.298;731.3187;0.2592508;731.3187;483.9525;731.3187;1866.735;731.3354;0.2739834;731.3354;101.2725;731.3354;369.63;731.3354;1.558942;731.3354;5798.587;731.3354;3719.565;731.3354;1.084846;731.3354;4648.41;731.3354;4284.855;731.3521;1.031674;731.3521;3789.585;731.3521;3673.238;731.3521;1.437163;731.3521;4098.06;731.3521;2851.492
740.6688;0.2586873;740.6688;933.6375;740.6688;3609.135;740.6688;0.2607003;740.6688;488.025;740.6688;1871.978;740.6688;0.2766488;740.6688;102.3075;740.6688;369.81;740.6521;1.555662;740.6521;5786.91;740.6521;3719.903;740.6521;1.08356;740.6521;4644.63;740.6521;4286.453;740.6521;1.03302;740.6521;3808.103;740.6521;3686.377;740.6521;1.435586;740.6521;4142.79;740.6521;2885.782
741.3187;0.259737;741.3187;937.35;741.3187;3608.843;741.3187;0.2606438;741.3187;486.6525;741.3187;1867.118;741.3354;0.2732364;741.3354;101.0025;741.3354;369.6525;741.3354;1.560276;741.3354;5796;741.3354;3714.728;741.3354;1.081566;741.3354;4642.02;741.3354;4291.942;741.3521;1.031443;741.3521;3802.567;741.3521;3686.647;741.3521;1.436363;741.3521;4146.84;741.3521;2887.042
750.6688;0.2596853;750.6688;937.1925;750.6688;3608.955;750.6688;0.2603772;750.6688;487.35;750.6688;1871.708;750.6688;0.2740009;750.6688;101.655;750.6688;371.0025;750.6688;1.557221;750.6688;5789.453;750.6688;3717.81;750.6521;1.083545;750.6521;4648.612;750.6521;4290.188;750.6521;1.035894;750.6521;3825.99;750.6521;3693.42;750.6521;1.440406;750.6521;4188.33;750.6521;2907.742
751.3187;0.2592207;751.3187;936.63;751.3187;3613.252;751.3187;0.2598853;751.3187;486.3825;751.3187;1871.527;751.3354;0.2728709;751.3354;101.07;751.3354;370.395;751.3354;1.554653;751.3354;5785.605;751.3354;3721.478;751.3354;1.083205;751.3354;4644.203;751.3354;4287.465;751.3521;1.033573;751.3521;3818.722;751.3521;3694.68;751.3521;1.437202;751.3521;4186.935;751.3521;2913.255
760.6688;0.2601336;760.6688;938.43;760.6688;3607.492;760.6688;0.261433;760.6688;490.7025;760.6688;1876.973;760.6688;0.2727549;760.6688;100.8;760.6688;369.5625;760.6688;1.555983;760.6688;5779.598;760.6688;3714.435;760.6688;1.083924;760.6688;4648.433;760.6688;4288.522;760.6688;1.038238;760.6688;3845.7;760.6688;3704.063;760.6521;1.436131;760.6521;4220.685;760.6521;2938.927
761.3187;0.2601998;761.3187;937.89;761.3187;3604.5;761.3354;0.2611455;761.3354;490.68;761.3354;1878.953;761.3354;0.272207;761.3354;100.5975;761.3354;369.5625;761.3354;1.554364;761.3354;5780.475;761.3354;3718.867;761.3521;1.082963;761.3521;4644.36;761.3521;4288.567;761.3521;1.035512;761.3521;3842.01;761.3521;3710.25;761.3521;1.439016;761.3521;4225.635;761.3521;2936.475
770.6688;0.2593713;770.6688;935.9775;770.6688;3608.64;770.6688;0.2632731;770.6688;492.48;770.6688;1870.605;770.6688;0.2743239;770.6688;101.565;770.6688;370.2375;770.6688;1.55478;770.6688;5775.862;770.6688;3714.907;770.6688;1.084256;770.6688;4650.345;770.6688;4288.973;770.6688;1.03985;770.6688;3869.077;770.6688;3720.802;770.6688;1.438047;770.6688;4261.68;770.6688;2963.52
771.3187;0.2604175;771.3187;938.745;771.3187;3604.77;771.3354;0.2609805;771.3354;490.2525;771.3354;1878.502;771.3354;0.275942;771.3354;101.835;771.3354;369.045;771.3354;1.554647;771.3354;5780.723;771.3354;3718.35;771.3521;1.083175;771.3521;4641.345;771.3521;4284.945;771.3521;1.039908;771.3521;3867.817;771.3521;3719.385;771.3521;1.440005;771.3521;4269.038;771.3521;2964.6
780.6521;0.2598007;780.6521;936.855;780.6521;3606.052;780.6521;0.2626132;780.6521;492.705;780.6521;1876.162;780.6521;0.2767537;780.6521;102.3525;780.6521;369.8325;780.6521;1.554369;780.6521;5777.1;780.6521;3716.685;780.6521;1.084345;780.6521;4648.725;780.6521;4287.127;780.6521;1.041616;780.6521;3890.813;780.6521;3735.36;780.6521;1.440135;780.6521;4304.678;780.6521;2989.08
781.3021;0.259187;781.3021;934.875;781.3021;3606.952;781.3187;0.2609352;781.3187;490.455;781.3187;1879.605;781.3187;0.2721883;781.3187;101.2275;781.3187;371.9025;781.3187;1.555807;781.3187;5776.178;781.3187;3712.657;781.3354;1.083125;781.3354;4637.453;781.3354;4281.547;781.3354;1.042746;781.3354;3895.268;781.3354;3735.585;781.3354;1.43912;781.3354;4305.465;781.3354;2991.735
790.6521;0.2601081;790.6521;940.275;790.6521;3614.94;790.6521;0.2627571;790.6521;493.785;790.6521;1879.245;790.6521;0.2745348;790.6521;101.9025;790.6521;371.1825;790.6521;1.554889;790.6521;5767.942;790.6521;3709.552;790.6521;1.083201;790.6521;4649.107;790.6521;4292.01;790.6521;1.043852;790.6521;3923.19;790.6521;3758.377;790.6521;1.444042;790.6521;4348.328;790.6521;3011.22
791.3187;0.2606442;791.3187;938.97;791.3187;3602.498;791.3187;0.2627693;791.3187;494.145;791.3187;1880.527;791.3187;0.2738536;791.3187;101.4525;791.3187;370.4625;791.3354;1.558071;791.3354;5771.542;791.3354;3704.288;791.3354;1.082476;791.3354;4637.813;791.3354;4284.45;791.3354;1.04616;791.3354;3927.555;791.3354;3754.26;791.3521;1.445292;791.3521;4350.465;791.3521;3010.095
800.6521;0.260393;800.6521;940.1625;800.6521;3610.552;800.6521;0.263971;800.6521;498.24;800.6521;1887.48;800.6521;0.2745982;800.6521;101.475;800.6521;369.54;800.6521;1.553209;800.6521;5761.08;800.6521;3709.147;800.6521;1.083453;800.6521;4649.85;800.6521;4291.695;800.6521;1.047393;800.6521;3950.663;800.6521;3771.9;800.6521;1.442075;800.6521;4375.305;800.6521;3034.035
801.3187;0.2602018;801.3187;939.5775;801.3187;3610.958;801.3187;0.2640978;801.3187;498.105;801.3187;1886.063;801.3187;0.2749954;801.3187;101.43;801.3187;368.8425;801.3354;1.557419;801.3354;5772.982;801.3354;3706.762;801.3354;1.082289;801.3354;4640.4;801.3354;4287.578;801.3354;1.047891;801.3354;3951.292;801.3354;3770.708;801.3521;1.442556;801.3521;4379.85;801.3521;3036.173
810.6521;0.2614784;810.6521;944.1225;810.6521;3610.71;810.6521;0.2660306;810.6521;504.36;810.6521;1895.873;810.6521;0.2759793;810.6521;102.24;810.6521;370.4625;810.6521;1.55413;810.6521;5760.652;810.6521;3706.673;810.6521;1.082281;810.6521;4651.493;810.6521;4297.86;810.6521;1.050303;810.6521;3975.817;810.6521;3785.4;810.6521;1.443232;810.6521;4410.9;810.6521;3056.265
811.3187;0.261016;811.3187;941.895;811.3187;3608.573;811.3187;0.2642228;811.3187;499.815;811.3187;1891.642;811.3187;0.2747822;811.3187;101.475;811.3187;369.2925;811.3354;1.553605;811.3354;5767.515;811.3354;3712.343;811.3354;1.083598;811.3354;4648.23;811.3354;4289.625;811.3354;1.050639;811.3354;3977.347;811.3354;3785.647;811.3521;1.443581;811.3521;4411.058;811.3521;3055.635
820.6521;0.2617436;820.6521;945.045;820.6521;3610.575;820.6521;0.2664216;820.6521;505.485;820.6521;1897.313;820.6521;0.2734087;820.6521;101.7675;820.6521;372.2175;820.6521;1.556553;820.6521;5755.973;820.6521;3697.897;820.6521;1.084723;820.6521;4654.958;820.6521;4291.38;820.6521;1.053605;820.6521;4009.748;820.6521;3805.74;820.6521;1.440468;820.6521;4434.053;820.6521;3078.202
821.3187;0.2614418;821.3187;943.92;821.3187;3610.44;821.3187;0.2682933;821.3187;508.9275;821.3187;1896.907;821.3187;0.2747647;821.3187;101.79;821.3187;370.4625;821.3354;1.553143;821.3354;5756.467;821.3354;3706.335;821.3354;1.083583;821.3354;4652.235;821.3354;4293.382;821.3354;1.052486;821.3354;4009.68;821.3354;3809.722;821.3521;1.442795;821.3521;4438.035;821.3521;3075.998
830.6688;0.2619679;830.6688;946.35;830.6688;3612.465;830.6521;0.2681751;830.6521;510.6825;830.6521;1904.287;830.6521;0.2748449;830.6521;101.6775;830.6521;369.945;830.6521;1.554496;830.6521;5759.91;830.6521;3705.323;830.6521;1.082422;830.6521;4656.848;830.6521;4302.248;830.6521;1.056069;830.6521;4043.002;830.6521;3828.353;830.6521;1.44196;830.6521;4464.99;830.6521;3096.472
831.3187;0.2619497;831.3187;947.3625;831.3187;3616.583;831.3187;0.2676241;831.3187;509.4225;831.3187;1903.5;831.3354;0.2768819;831.3354;102.375;831.3354;369.7425;831.3354;1.557784;831.3354;5764.837;831.3354;3700.665;831.3354;1.084676;831.3354;4651.853;831.3354;4288.703;831.3521;1.055847;831.3521;4044.6;831.3521;3830.67;831.3521;1.444273;831.3521;4466.79;831.3521;3092.76
840.6688;0.262584;840.6688;948.15;840.6688;3610.845;840.6688;0.2687805;840.6688;513.45;840.6688;1910.295;840.6521;0.2736931;840.6521;101.43;840.6521;370.5975;840.6521;1.555641;840.6521;5754.982;840.6521;3699.427;840.6521;1.081933;840.6521;4654.62;840.6521;4302.135;840.6521;1.059371;840.6521;4077.765;840.6521;3849.232;840.6521;1.443506;840.6521;4484.88;840.6521;3106.935
841.3187;0.2625245;841.3187;948.195;841.3187;3611.835;841.3187;0.2683045;841.3187;511.8525;841.3187;1907.73;841.3354;0.2770689;841.3354;102.6;841.3354;370.305;841.3354;1.554806;841.3354;5754.375;841.3354;3701.025;841.3354;1.083671;841.3354;4656.757;841.3354;4297.208;841.3521;1.059683;841.3521;4077.99;841.3521;3848.31;841.3521;1.440994;841.3521;4479.57;841.3521;3108.667
850.6688;0.263404;850.6688;951.9525;850.6688;3614.04;850.6688;0.2699347;850.6688;516.0375;850.6688;1911.713;850.6688;0.273541;850.6688;101.7675;850.6688;372.0375;850.6688;1.555418;850.6688;5752.373;850.6688;3698.28;850.6521;1.085068;850.6521;4666.252;850.6521;4300.425;850.6521;1.062385;850.6521;4109.445;850.6521;3868.133;850.6521;1.443042;850.6521;4503.015;850.6521;3120.502
851.3187;0.2625382;851.3187;947.6775;851.3187;3609.675;851.3187;0.269876;851.3187;516.15;851.3187;1912.545;851.3354;0.2770937;851.3354;102.285;851.3354;369.135;851.3354;1.559828;851.3354;5756.467;851.3354;3690.45;851.3354;1.085634;851.3354;4659.232;851.3354;4291.717;851.3521;1.061769;851.3521;4110.48;851.3521;3871.35;851.3521;1.443028;851.3521;4499.888;851.3521;3118.365
860.6688;0.2629493;860.6688;952.38;860.6688;3621.915;860.6688;0.2687068;860.6688;515.25;860.6688;1917.517;860.6688;0.2784633;860.6688;103.0725;860.6688;370.1475;860.6688;1.551767;860.6688;5747.355;860.6688;3703.748;860.6688;1.082637;860.6688;4664.25;860.6688;4308.232;860.6688;1.063475;860.6688;4139.482;860.6688;3892.41;860.6521;1.444486;860.6521;4526.145;860.6521;3133.395
861.3187;0.2630666;861.3187;951.5025;861.3187;3616.965;861.3187;0.2696829;861.3187;516.2175;861.3187;1914.165;861.3354;0.2759205;861.3354;102.51;861.3354;371.52;861.3354;1.555697;861.3354;5747.873;861.3354;3694.725;861.3354;1.082168;861.3354;4663.35;861.3354;4309.268;861.3521;1.066978;861.3521;4147.763;861.3521;3887.393;861.3521;1.439942;861.3521;4519.845;861.3521;3138.907
870.6688;0.2631504;870.6688;952.83;870.6688;3620.857;870.6688;0.2709656;870.6688;519.435;870.6688;1916.978;870.6688;0.2753491;870.6688;102.0375;870.6688;370.575;870.6688;1.554507;870.6688;5742.112;870.6688;3693.847;870.6688;1.084276;870.6688;4658.31;870.6688;4296.24;870.6688;1.067164;870.6688;4173.458;870.6688;3910.792;870.6521;1.445427;870.6521;4539.24;870.6521;3140.415
871.3187;0.2638228;871.3187;954.7425;871.3187;3618.877;871.3354;0.2698045;871.3354;516.0375;871.3354;1912.635;871.3354;0.2757933;871.3354;102.6675;871.3354;372.2625;871.3354;1.554069;871.3354;5746.612;871.3354;3697.785;871.3521;1.084392;871.3521;4658.467;871.3521;4295.925;871.3521;1.068562;871.3521;4171.23;871.3521;3903.593;871.3521;1.444797;871.3521;4535.865;871.3521;3139.448
880.6688;0.2643584;880.6688;958.0725;880.6688;3624.143;880.6688;0.2699686;880.6688;516.4425;880.6688;1912.973;880.6688;0.2786995;880.6688;102.8025;880.6688;368.865;880.6688;1.553856;880.6688;5733.833;880.6688;3690.067;880.6688;1.087232;880.6688;4675.095;880.6688;4299.998;880.6688;1.069177;880.6688;4200.48;880.6688;3928.702;880.6688;1.441876;880.6688;4539.51;880.6688;3148.335
881.3187;0.2645541;881.3187;957.24;881.3187;3618.315;881.3354;0.2685188;881.3354;514.08;881.3354;1914.502;881.3354;0.2771361;881.3354;103.1175;881.3354;372.0825;881.3354;1.552627;881.3354;5733.945;881.3354;3693.06;881.3521;1.086492;881.3521;4668.075;881.3521;4296.465;881.3521;1.069427;881.3521;4201.268;881.3521;3928.522;881.3521;1.444587;881.3521;4546.71;881.3521;3147.413
890.6521;0.2647263;890.6521;960.0075;890.6521;3626.415;890.6521;0.2692683;890.6521;515.745;890.6521;1915.358;890.6521;0.2787005;890.6521;103.0725;890.6521;369.8325;890.6521;1.55462;890.6521;5723.955;890.6521;3681.9;890.6521;1.087652;890.6521;4674.578;890.6521;4297.86;890.6521;1.074527;890.6521;4242.578;890.6521;3948.323;890.6521;1.440257;890.6521;4535.19;890.6521;3148.875
891.3021;0.264853;891.3021;960.5025;891.3021;3626.55;891.3187;0.2686081;891.3187;514.0575;891.3187;1913.782;891.3187;0.27769;891.3187;102.78;891.3187;370.125;891.3187;1.555053;891.3187;5736.397;891.3187;3688.875;891.3354;1.085882;891.3354;4666.455;891.3354;4297.388;891.3354;1.07197;891.3354;4235.063;891.3354;3950.73;891.3354;1.437844;891.3354;4534.515;891.3354;3153.69
900.6521;0.2653098;900.6521;963.765;900.6521;3632.603;900.6521;0.2681413;900.6521;512.235;900.6521;1910.318;900.6521;0.2795483;900.6521;103.6125;900.6521;370.6425;900.6521;1.554376;900.6521;5728.095;900.6521;3685.14;900.6521;1.085052;900.6521;4674.533;900.6521;4308.12;900.6521;1.075074;900.6521;4266.652;900.6521;3968.708;900.6521;1.438439;900.6521;4537.395;900.6521;3154.387
901.3021;0.2660985;901.3021;965.9475;901.3021;3630.038;901.3187;0.2689882;901.3187;512.37;901.3187;1904.805;901.3187;0.2787673;901.3187;103.185;901.3187;370.1475;901.3187;1.552029;901.3187;5724.158;901.3187;3688.177;901.3354;1.086928;901.3354;4677.48;901.3354;4303.395;901.3354;1.076961;901.3354;4269.465;901.3354;3964.365;901.3354;1.43927;901.3354;4540.567;901.3354;3154.77
910.6521;0.2670166;910.6521;970.65;910.6521;3635.167;910.6521;0.2683494;910.6521;511.425;910.6521;1905.818;910.6521;0.2803676;910.6521;103.6575;910.6521;369.72;910.6521;1.552193;910.6521;5714.145;910.6521;3681.337;910.6521;1.086211;910.6521;4678.402;910.6521;4307.085;910.6521;1.076166;910.6521;4294.913;910.6521;3990.938;910.6521;1.440884;910.6521;4540.86;910.6521;3151.44
911.3187;0.2662038;911.3187;967.815;911.3187;3635.617;911.3187;0.267651;911.3187;510.2325;911.3187;1906.335;911.3187;0.2763054;911.3187;102.51;911.3187;371.0025;911.3354;1.549852;911.3354;5720.94;911.3354;3691.282;911.3354;1.086048;911.3354;4674.353;911.3354;4304.002;911.3354;1.075929;911.3354;4291.74;911.3354;3988.867;911.3521;1.439149;911.3521;4537.462;911.3521;3152.88
920.6521;0.2674212;920.6521;973.98;920.6521;3642.12;920.6521;0.2676036;920.6521;509.3775;920.6521;1903.478;920.6521;0.2792341;920.6521;104.0175;920.6521;372.51;920.6521;1.551988;920.6521;5713.425;920.6521;3681.36;920.6521;1.085502;920.6521;4682.678;920.6521;4313.835;920.6521;1.07979;920.6521;4324.658;920.6521;4005.09;920.6521;1.436464;920.6521;4537.822;920.6521;3159.022
921.3187;0.2676888;921.3187;972.72;921.3187;3633.772;921.3187;0.268013;921.3187;510.03;921.3187;1903.005;921.3187;0.281534;921.3187;104.5575;921.3187;371.385;921.3354;1.55323;921.3354;5718.487;921.3354;3681.675;921.3354;1.085376;921.3354;4679.595;921.3354;4311.495;921.3354;1.080201;921.3354;4322.317;921.3354;4001.4;921.3521;1.436984;921.3521;4540.725;921.3521;3159.9
930.6688;0.2690918;930.6688;981.675;930.6688;3648.105;930.6521;0.2670202;930.6521;508.6575;930.6521;1904.94;930.6521;0.2808423;930.6521;104.13;930.6521;370.7775;930.6521;1.549013;930.6521;5702.197;930.6521;3681.18;930.6521;1.086499;930.6521;4687.808;930.6521;4314.6;930.6521;1.079665;930.6521;4348.328;930.6521;4027.478;930.6521;1.437565;930.6521;4548.87;930.6521;3164.288
931.3187;0.2691831;931.3187;981.5175;931.3187;3646.282;931.3187;0.2690907;931.3187;511.875;931.3187;1902.24;931.3354;0.2825128;931.3354;105.2325;931.3354;372.4875;931.3354;1.554519;931.3354;5713.965;931.3354;3675.712;931.3354;1.086055;931.3354;4686.502;931.3354;4315.163;931.3521;1.081102;931.3521;4348.688;931.3521;4022.46;931.3521;1.435328;931.3521;4542.502;931.3521;3164.782
940.6688;0.2703714;940.6688;988.74;940.6688;3656.97;940.6688;0.2671127;940.6688;507.5775;940.6688;1900.238;940.6521;0.2832828;940.6521;105.2325;940.6521;371.475;940.6521;1.554671;940.6521;5700.6;940.6521;3666.758;940.6521;1.087054;940.6521;4696.83;940.6521;4320.697;940.6521;1.082484;940.6521;4379.603;940.6521;4045.883;940.6521;1.437492;940.6521;4536.315;940.6521;3155.715
941.3187;0.2695749;941.3187;985.6575;941.3187;3656.34;941.3187;0.2667518;941.3187;507.51;941.3187;1902.555;941.3354;0.2836824;941.3354;105.4575;941.3354;371.745;941.3354;1.549005;941.3354;5696.415;941.3354;3677.468;941.3354;1.086479;941.3354;4687.672;941.3354;4314.555;941.3521;1.084559;941.3521;4381.313;941.3521;4039.718;941.3521;1.43946;941.3521;4536.63;941.3521;3151.62
950.6688;0.2706144;950.6688;990.81;950.6688;3661.335;950.6688;0.266437;950.6688;506.3175;950.6688;1900.328;950.6688;0.2813371;950.6688;104.535;950.6688;371.565;950.6688;1.550044;950.6688;5688.45;950.6688;3669.863;950.6521;1.086903;950.6521;4700.925;950.6521;4325.063;950.6521;1.085369;950.6521;4408.763;950.6521;4061.992;950.6521;1.438243;950.6521;4532.018;950.6521;3151.08
951.3187;0.2709732;951.3187;991.8675;951.3187;3660.39;951.3187;0.2669145;951.3187;505.6875;951.3187;1894.568;951.3354;0.2832899;951.3354;105.165;951.3354;371.2275;951.3354;1.548132;951.3354;5694.007;951.3354;3677.985;951.3354;1.086195;951.3354;4701.015;951.3354;4327.965;951.3521;1.084145;951.3521;4402.665;951.3521;4060.958;951.3521;1.437022;951.3521;4536.45;951.3521;3156.84
960.6688;0.2722336;960.6688;999.36;960.6688;3670.965;960.6688;0.2655505;960.6688;503.91;960.6688;1897.605;960.6688;0.2839633;960.6688;105.8175;960.6688;372.645;960.6688;1.553709;960.6688;5689.732;960.6688;3662.032;960.6688;1.085851;960.6688;4704.728;960.6688;4332.757;960.6521;1.088433;960.6521;4441.118;960.6521;4080.285;960.6521;1.436092;960.6521;4517.325;960.6521;3145.567
961.3187;0.2725336;961.3187;998.91;961.3187;3665.272;961.3187;0.264978;961.3187;503.235;961.3187;1899.157;961.3354;0.2808711;961.3354;104.76;961.3354;372.9825;961.3354;1.554282;961.3354;5694.21;961.3354;3663.563;961.3354;1.088516;961.3354;4705.155;961.3354;4322.542;961.3521;1.087792;961.3521;4441.388;961.3521;4082.94;961.3521;1.433918;961.3521;4519.328;961.3521;3151.732
970.6688;0.2742334;970.6688;1007.775;970.6688;3674.88;970.6688;0.2664739;970.6688;503.8875;970.6688;1890.945;970.6688;0.2878349;970.6688;107.325;970.6688;372.87;970.6688;1.5526;970.6688;5683.68;970.6688;3660.75;970.6688;1.088058;970.6688;4719.578;970.6688;4337.618;970.6688;1.089409;970.6688;4468.41;970.6688;4101.683;970.6688;1.433537;970.6688;4509.9;970.6688;3145.995
971.3187;0.274612;971.3187;1010.025;971.3187;3678.008;971.3354;0.2669885;971.3354;505.305;971.3354;1892.61;971.3354;0.2815697;971.3354;105.255;971.3354;373.815;971.3354;1.551662;971.3354;5687.055;971.3354;3665.137;971.3521;1.089964;971.3521;4718.723;971.3521;4329.248;971.3521;1.088112;971.3521;4462.942;971.3521;4101.547;971.3521;1.435085;971.3521;4513.995;971.3521;3145.455
980.6688;0.2749861;980.6688;1014.705;980.6688;3690.022;980.6688;0.2649623;980.6688;499.95;980.6688;1886.873;980.6688;0.2832405;980.6688;106.3575;980.6688;375.5025;980.6688;1.55206;980.6688;5680.935;980.6688;3660.255;980.6688;1.089617;980.6688;4734.922;980.6688;4345.493;980.6688;1.090417;980.6688;4492.688;980.6688;4120.155;980.6688;1.428117;980.6688;4494.938;980.6688;3147.458
981.3187;0.2747141;981.3187;1013.04;981.3187;3687.615;981.3354;0.2656229;981.3354;501.2325;981.3354;1887.007;981.3354;0.2835561;981.3354;106.425;981.3354;375.3225;981.3354;1.556309;981.3354;5687.978;981.3354;3654.788;981.3521;1.090778;981.3521;4736.138;981.3521;4341.982;981.3521;1.091583;981.3521;4492.822;981.3521;4115.88;981.3521;1.432959;981.3521;4497.12;981.3521;3138.345
990.6521;0.2772892;990.6521;1025.843;990.6521;3699.54;990.6521;0.2645199;990.6521;497.925;990.6521;1882.373;990.6521;0.2844219;990.6521;106.11;990.6521;373.0725;990.6521;1.555349;990.6521;5682.825;990.6521;3653.73;990.6521;1.090994;990.6521;4748.737;990.6521;4352.67;990.6521;1.091163;990.6521;4515.547;990.6521;4138.29;990.6521;1.435678;990.6521;4482.428;990.6521;3122.167
991.3021;0.2764849;991.3021;1022.22;991.3021;3697.2;991.3187;0.2652207;991.3187;499.095;991.3187;1881.81;991.3187;0.2840621;991.3187;106.11;991.3187;373.545;991.3187;1.550754;991.3187;5677.132;991.3187;3660.885;991.3354;1.088955;991.3354;4744.147;991.3354;4356.607;991.3354;1.091897;991.3354;4519.89;991.3354;4139.482;991.3354;1.431783;991.3354;4475.228;991.3354;3125.633
1000.652;0.2787166;1000.652;1033.537;1000.652;3708.202;1000.652;0.2635822;1000.652;495.81;1000.652;1881.045;1000.652;0.2882769;1000.652;108.1125;1000.652;375.03;1000.652;1.550868;1000.652;5669.663;1000.652;3655.8;1000.652;1.089101;1000.652;4749.908;1000.652;4361.31;1000.652;1.092113;1000.652;4541.422;1000.652;4158.382;1000.652;1.427981;1000.652;4463.28;1000.652;3125.587
1001.302;0.2786447;1001.302;1033.785;1001.302;3710.048;1001.319;0.2619119;1001.319;493.11;1001.319;1882.733;1001.319;0.2833473;1001.319;106.2;1001.319;374.805;1001.319;1.55063;1001.319;5670.225;1001.319;3656.722;1001.335;1.08831;1001.335;4750.987;1001.335;4365.473;1001.335;1.0962;1001.335;4547.542;1001.335;4148.46;1001.335;1.429554;1001.335;4465.462;1001.335;3123.675
1010.652;0.2795944;1010.652;1038.51;1010.652;3714.345;1010.652;0.2629136;1010.652;494.505;1010.652;1880.865;1010.652;0.2856972;1010.652;107.685;1010.652;376.92;1010.652;1.555034;1010.652;5673.803;1010.652;3648.667;1010.652;1.090516;1010.652;4758.975;1010.652;4363.965;1010.652;1.09594;1010.652;4573.71;1010.652;4173.322;1010.652;1.427341;1010.652;4447.822;1010.652;3116.16
1011.319;0.2794695;1011.319;1038.285;1011.319;3715.2;1011.319;0.263374;1011.319;494.9325;1011.319;1879.2;1011.319;0.2891103;1011.319;108.36;1011.319;374.805;1011.335;1.55124;1011.335;5676.188;1011.335;3659.13;1011.335;1.088684;1011.335;4749.998;1011.335;4363.065;1011.335;1.095599;1011.335;4569.007;1011.335;4170.33;1011.352;1.430949;1011.352;4455.428;1011.352;3113.617
1020.652;0.280559;1020.652;1046.588;1020.652;3730.365;1020.652;0.261987;1020.652;491.5125;1020.652;1876.095;1020.652;0.2888876;1020.652;108.855;1020.652;376.8075;1020.652;1.549734;1020.652;5658.683;1020.652;3651.39;1020.652;1.090271;1020.652;4774.658;1020.652;4379.333;1020.652;1.095888;1020.652;4595.49;1020.652;4193.393;1020.652;1.427786;1020.652;4429.035;1020.652;3102.03
1021.319;0.2800575;1021.319;1043.438;1021.319;3725.798;1021.319;0.2617335;1021.319;490.4775;1021.319;1873.958;1021.319;0.2898672;1021.319;109.035;1021.319;376.155;1021.335;1.552983;1021.335;5664.78;1021.335;3647.677;1021.335;1.091016;1021.335;4773.578;1021.335;4375.35;1021.335;1.0968;1021.335;4595.265;1021.335;4189.703;1021.352;1.426918;1021.352;4429.777;1021.352;3104.438
