Time for Cap.1 (min);Ratio 350 nm / 330 nm for Cap.1 ;Time for Cap.1 (min);Turbidity for Cap.1 ;Time for Cap.1 (min);Cumulant Radius for Cap.1 (nm);Time for Cap.2 (min);Ratio 350 nm / 330 nm for Cap.2 ;Time for Cap.2 (min);Turbidity for Cap.2 ;Time for Cap.2 (min);Cumulant Radius for Cap.2 (nm);Time for Cap.3 (min);Ratio 350 nm / 330 nm for Cap.3 ;Time for Cap.3 (min);Turbidity for Cap.3 ;Time for Cap.3 (min);Cumulant Radius for Cap.3 (nm);Time for Cap.4 (min);Ratio 350 nm / 330 nm for Cap.4 ;Time for Cap.4 (min);Turbidity for Cap.4 ;Time for Cap.4 (min);Cumulant Radius for Cap.4 (nm);Time for Cap.5 (min);Ratio 350 nm / 330 nm for Cap.5 ;Time for Cap.5 (min);Turbidity for Cap.5 ;Time for Cap.5 (min);Cumulant Radius for Cap.5 (nm);Time for Cap.6 (min);Ratio 350 nm / 330 nm for Cap.6 ;Time for Cap.6 (min);Turbidity for Cap.6 ;Time for Cap.6 (min);Cumulant Radius for Cap.6 (nm);Time for Cap.7 (min);Ratio 350 nm / 330 nm for Cap.7 ;Time for Cap.7 (min);Turbidity for Cap.7 ;Time for Cap.7 (min);Cumulant Radius for Cap.7 (nm)
0.7020353;0.2553323;0.7020353;83.85928;1.085369;4.346314;0.6853687;0.2535243;0.6853687;83.75372;1.185369;3.673358;0.6853687;0.2715099;0.6853687;82.05627;1.002035;1.677651;0.6853687;1.549062;0.6853687;101.1037;11.23537;817.168;0.6853687;1.074167;0.6853687;88.87823;0.9020354;36.58077;0.6853687;0.9852474;0.6853687;86.93737;1.368702;39.25304;0.6853687;1.400014;0.6853687;89.60609;0.818702;56.05572
1.352035;0.2563775;1.352035;83.95374;11.05204;3.893841;1.352035;0.2537854;1.352035;83.74969;11.15204;3.665611;1.368702;0.2693439;1.368702;82.21096;10.9687;3.615411;1.368702;1.547244;1.368702;101.1975;21.25204;671.4847;1.368702;1.075646;1.368702;88.97443;10.8687;36.35812;1.385369;0.9849044;1.385369;87.15844;11.33537;40.2735;1.385369;1.400793;1.385369;89.74107;10.78537;61.83691
10.6687;0.2560814;10.6687;83.83644;21.05203;3.707244;10.6687;0.2535368;10.6687;83.5683;21.15203;4.456699;10.6687;0.2698254;10.6687;82.03519;20.9687;6.072024;10.65204;1.552147;10.65204;101.2407;31.25204;1086.81;10.65204;1.074996;10.65204;88.91164;20.8687;37.71719;10.65204;0.9868683;10.65204;87.34097;21.33537;42.57549;10.65204;1.398656;10.65204;89.62909;20.78537;62.60659
11.3187;0.2558803;11.3187;83.93003;31.05203;4.119967;11.3187;0.2529595;11.3187;83.70436;31.15203;5.134806;11.33537;0.2702821;11.33537;82.19059;30.9687;3.87363;11.33537;1.550831;11.33537;101.2926;41.25203;919.0446;11.33537;1.075118;11.33537;89.02785;30.88537;36.38146;11.35204;0.9883136;11.35204;87.48739;31.33537;42.89833;11.35204;1.39986;11.35204;89.6798;30.78537;63.02692
20.6687;0.2551705;20.6687;83.89227;41.0687;4.180104;20.6687;0.2542045;20.6687;83.50665;41.15203;4.72888;20.6687;0.2701721;20.6687;82.0557;40.9687;2.784124;20.6687;1.549484;20.6687;101.1192;51.23537;1712.369;20.6687;1.077506;20.6687;88.94232;40.88537;36.8568;20.65203;0.9923052;20.65203;87.62923;41.33537;43.81789;20.65203;1.39402;20.65203;89.45067;40.78537;65.19332
21.3187;0.2556499;21.3187;83.83526;51.05204;3.613174;21.3187;0.2539526;21.3187;83.70622;51.13537;4.226594;21.33537;0.2690406;21.33537;82.19507;50.95203;2.320733;21.33537;1.552225;21.33537;101.2655;61.23537;1558.851;21.33537;1.075002;21.33537;89.10515;50.8687;36.37814;21.35203;0.9918227;21.35203;87.81738;51.3187;44.20872;21.35203;1.395624;21.35203;89.634;50.7687;66.13187
30.6687;0.2553484;30.6687;83.71696;61.05204;3.819947;30.6687;0.2542858;30.6687;83.5836;61.13537;4.401638;30.6687;0.2733421;30.6687;82.02524;60.95203;2.276583;30.6687;1.552243;30.6687;101.1256;71.23537;1450.365;30.6687;1.077543;30.6687;89.15802;60.8687;37.24124;30.6687;0.9933745;30.6687;87.91834;61.3187;44.49981;30.65203;1.39407;30.65203;89.41259;60.7687;69.70351
31.3187;0.2565003;31.3187;83.77342;71.05203;3.703028;31.33537;0.2535044;31.33537;83.80769;71.15203;4.081399;31.33537;0.2679217;31.33537;82.22136;70.95203;3.182041;31.33537;1.55293;31.33537;101.302;81.23537;1592.63;31.35203;1.075339;31.35203;89.22832;70.8687;36.24662;31.35203;0.9919925;31.35203;88.09604;71.33537;44.86265;31.35203;1.395828;31.35203;89.52464;70.7687;71.46988
40.6687;0.2558385;40.6687;83.67504;81.05203;3.817962;40.6687;0.2542692;40.6687;83.66095;81.15203;3.753753;40.6687;0.272835;40.6687;82.02045;80.95203;3.001677;40.6687;1.54806;40.6687;101.1051;91.23537;1544.369;40.6687;1.078273;40.6687;89.17693;80.8687;36.60096;40.6687;0.9943142;40.6687;88.24739;81.33537;45.85101;40.6687;1.392615;40.6687;89.29635;80.7687;68.99448
41.3187;0.255818;41.3187;83.79311;91.05203;3.771059;41.33537;0.2538126;41.33537;83.75491;91.15203;3.873905;41.33537;0.2716212;41.33537;82.21009;90.95203;2.066644;41.33537;1.551368;41.33537;101.315;101.2354;1646.661;41.35204;1.077797;41.35204;89.34881;90.8687;36.79169;41.35204;0.9929794;41.35204;88.27832;91.33537;45.94764;41.35204;1.392658;41.35204;89.39722;90.78537;73.62153
50.65203;0.2560244;50.65203;83.65953;101.052;3.737793;50.65203;0.2539016;50.65203;83.58324;101.152;3.509505;50.65203;0.2695462;50.65203;82.0963;100.9687;3.867667;50.65203;1.548818;50.65203;101.2092;111.2354;1869.071;50.65203;1.077664;50.65203;89.23161;100.8687;36.5611;50.65203;0.9931444;50.65203;88.28497;101.3354;46.02197;50.65203;1.388076;50.65203;89.21513;100.7854;65.24148
51.30204;0.2570023;51.30204;83.80688;111.052;3.976555;51.3187;0.2544102;51.3187;83.75912;111.152;3.452125;51.3187;0.2728981;51.3187;82.19048;110.9687;40.89589;51.3187;1.548456;51.3187;101.2333;121.2354;2357.328;51.33537;1.078761;51.33537;89.37598;110.8687;37.0085;51.33537;0.9920824;51.33537;88.23849;111.3354;47.46515;51.33537;1.392276;51.33537;89.36176;110.7854;73.88334
60.65203;0.2553343;60.65203;83.71307;121.052;4.475148;60.65203;0.2547647;60.65203;83.62431;121.152;3.814245;60.65203;0.268058;60.65203;82.06738;120.9687;4.476161;60.65203;1.551029;60.65203;101.1925;131.252;1632.714;60.65203;1.077795;60.65203;89.18923;120.8687;37.22456;60.65203;0.9941534;60.65203;88.31183;121.3354;47.17405;60.65203;1.3899;60.65203;89.16541;120.7854;65.79234
61.30204;0.2560164;61.30204;83.81367;131.052;4.138308;61.3187;0.2551654;61.3187;83.7496;131.152;3.921838;61.3187;0.2711652;61.3187;82.17325;130.9687;6.001693;61.3187;1.55105;61.3187;101.2827;141.252;1646.763;61.33537;1.076665;61.33537;89.39449;130.8687;36.63092;61.33537;0.9935073;61.33537;88.25117;131.3354;47.26655;61.33537;1.386958;61.33537;89.31633;130.7854;70.44275
70.65203;0.255821;70.65203;83.63526;141.052;3.935294;70.65203;0.2541018;70.65203;83.65731;141.152;5.496443;70.65203;0.2723019;70.65203;82.04074;140.9687;3.291763;70.65203;1.548905;70.65203;101.1458;151.252;1492.391;70.65203;1.079364;70.65203;89.29337;140.8687;37.48898;70.65203;0.9926092;70.65203;88.4293;141.3354;46.96908;70.65203;1.386853;70.65203;89.11189;140.7854;73.84387
71.3187;0.2558166;71.3187;83.83204;151.0687;3.948188;71.3187;0.2536055;71.3187;83.80424;151.152;3.795884;71.3187;0.267807;71.3187;82.23648;150.9687;2.935117;71.33537;1.549599;71.33537;101.3395;161.2354;1503.887;71.33537;1.078025;71.33537;89.46091;150.8854;37.74485;71.33537;0.9952401;71.33537;88.59222;151.3354;49.09732;71.35204;1.388633;71.35204;89.2615;150.7854;70.51223
80.65203;0.2564275;80.65203;83.67982;161.052;3.685623;80.65203;0.2543793;80.65203;83.69166;161.1354;4.568683;80.65203;0.2700725;80.65203;82.1865;160.952;3.351627;80.65203;1.549944;80.65203;101.2009;171.2354;1930.756;80.65203;1.079526;80.65203;89.40629;160.8687;36.75499;80.65203;0.9957903;80.65203;88.6658;161.3187;49.19319;80.65203;1.384077;80.65203;89.09161;160.7687;68.58438
81.3187;0.2563081;81.3187;83.77676;171.052;4.554204;81.3187;0.2551596;81.3187;83.81802;171.1354;3.787396;81.3187;0.2691059;81.3187;82.26915;170.952;1.284207;81.33537;1.548542;81.33537;101.2722;181.2354;1682.703;81.33537;1.077503;81.33537;89.56657;170.8687;38.50778;81.33537;0.9947115;81.33537;88.74531;171.3187;48.98281;81.35204;1.384892;81.35204;89.21404;170.7687;68.69895
90.65203;0.2564349;90.65203;83.74527;181.052;4.115651;90.65203;0.2557838;90.65203;83.7063;181.152;3.601951;90.65203;0.2747683;90.65203;82.07895;180.952;2.961891;90.65203;1.553404;90.65203;101.1893;191.2354;1225.84;90.65203;1.078901;90.65203;89.51485;180.8687;37.33442;90.65203;0.9935669;90.65203;88.70814;181.3354;49.52689;90.65203;1.38545;90.65203;89.0514;180.7687;78.68604
91.3187;0.2556607;91.3187;83.73195;191.052;4.506972;91.3187;0.25455;91.3187;83.77832;191.152;3.949348;91.3187;0.2691536;91.3187;82.10564;190.952;3.4531;91.33537;1.556282;91.33537;101.2558;201.2354;2014.14;91.33537;1.078215;91.33537;89.51997;190.8687;37.20453;91.33537;0.9957796;91.33537;88.72521;191.3354;49.70208;91.35204;1.385201;91.35204;89.23308;190.7687;90.51495
100.652;0.2559261;100.652;83.67692;201.052;4.169634;100.652;0.2556617;100.652;83.66999;201.152;3.783967;100.652;0.2723794;100.652;81.95546;200.9687;6.266166;100.652;1.551231;100.652;101.1404;211.2354;2046.828;100.652;1.078874;100.652;89.52977;200.8687;37.29295;100.652;0.9918379;100.652;88.6384;201.3354;50.07467;100.652;1.387634;100.652;89.00299;200.7854;71.03348
101.3187;0.2562844;101.3187;83.76823;211.052;4.188679;101.3187;0.2547477;101.3187;83.7818;211.152;4.250244;101.3187;0.2701114;101.3187;81.91541;210.9687;4.514565;101.3354;1.548899;101.3354;101.2538;221.2354;2184.782;101.3354;1.079411;101.3354;89.52731;210.8687;37.40734;101.3354;0.9974791;101.3354;88.66569;211.3354;49.64496;101.352;1.390905;101.352;89.19591;210.7854;68.79115
110.6687;0.256182;110.6687;83.67471;221.052;4.065002;110.652;0.2539395;110.652;83.64184;221.152;5.854809;110.652;0.2692907;110.652;81.92407;220.9687;3.134697;110.652;1.552207;110.652;101.1865;231.2354;1472.82;110.652;1.080879;110.652;89.46679;220.8687;37.42666;110.652;0.9951053;110.652;88.67939;221.3354;48.67755;110.652;1.383322;110.652;89.04791;220.7854;75.79673
111.3187;0.2557738;111.3187;83.8195;231.052;357.112;111.3187;0.2548421;111.3187;83.83533;231.152;3.78123;111.3354;0.2701638;111.3354;82.04173;230.9687;3.971309;111.3354;1.55201;111.3354;101.3418;241.252;1816.84;111.3354;1.077679;111.3354;89.66527;230.8687;37.96255;111.352;0.9954349;111.352;88.70833;231.3354;49.81195;111.352;1.383607;111.352;89.16483;230.7854;78.7318
120.6687;0.2565352;120.6687;83.71497;241.052;6.196186;120.6687;0.2538554;120.6687;83.69211;241.152;3.753562;120.6687;0.2714626;120.6687;82.00586;240.9687;4.532384;120.652;1.552236;120.652;101.2159;251.252;2856.78;120.652;1.079679;120.652;89.54723;240.8687;37.61325;120.652;0.9937243;120.652;88.74203;241.3354;50.04101;120.652;1.38533;120.652;88.98432;240.7854;68.87641
121.3187;0.2560577;121.3187;83.83314;251.0687;4.369385;121.3187;0.2537757;121.3187;83.85264;251.152;4.203661;121.3354;0.2703887;121.3354;82.1993;250.9687;3.863478;121.3354;1.549597;121.3354;101.345;261.2354;4238.287;121.3354;1.077834;121.3354;89.66256;250.8854;37.92487;121.352;0.9968565;121.352;88.83311;251.3354;49.42719;121.352;1.385001;121.352;89.13013;250.7854;70.44781
130.6687;0.2560182;130.6687;83.72598;261.052;4.460653;130.6687;0.2532846;130.6687;83.7407;261.1354;3.717852;130.6687;0.2714357;130.6687;82.058;260.952;2.900842;130.6687;1.551372;130.6687;101.1516;271.2354;1695.923;130.652;1.081217;130.652;89.64989;260.8687;37.51855;130.652;0.9943907;130.652;88.83658;261.3187;51.44561;130.652;1.383829;130.652;88.95733;260.7687;72.17223
131.3187;0.2562683;131.3187;83.77869;271.052;3.763896;131.3187;0.2546709;131.3187;83.79987;271.1354;3.648493;131.3354;0.2695478;131.3354;82.13952;270.952;4.225579;131.3354;1.552006;131.3354;101.312;281.2354;2173.986;131.3354;1.079024;131.3354;89.6953;270.8687;38.02146;131.352;0.9954064;131.352;88.94371;271.3187;50.63438;131.352;1.382204;131.352;89.14458;270.7687;73.6997
140.6687;0.2555935;140.6687;83.67036;281.052;3.962606;140.6687;0.2545584;140.6687;83.75152;281.152;3.505041;140.6687;0.2672848;140.6687;81.95715;280.952;2.952867;140.6687;1.549661;140.6687;101.123;291.2354;2263.131;140.6687;1.078742;140.6687;89.69273;280.8687;37.185;140.6687;0.995386;140.6687;88.94128;281.3354;52.04422;140.652;1.383804;140.652;88.92604;280.7687;72.31949
141.3187;0.2552969;141.3187;83.78624;291.052;3.717971;141.3354;0.2546632;141.3354;83.80341;291.152;3.852718;141.3354;0.272033;141.3354;81.95737;290.952;3.316587;141.3354;1.549994;141.3354;101.3105;301.2354;1747.607;141.352;1.078619;141.352;89.73064;290.8687;38.1768;141.352;0.99659;141.352;89.02297;291.3354;50.68805;141.352;1.384237;141.352;89.15501;290.7687;75.80662
150.6687;0.255951;150.6687;83.73274;301.052;3.710138;150.6687;0.2539185;150.6687;83.73132;301.152;3.633447;150.6687;0.2714188;150.6687;81.84233;300.952;2.455904;150.6687;1.549889;150.6687;101.2095;311.2354;2286.005;150.6687;1.080617;150.6687;89.59522;300.8687;38.10962;150.6687;0.9938897;150.6687;88.95911;301.3354;51.43223;150.6687;1.385012;150.6687;88.9833;300.7853;70.43681
151.3187;0.2560946;151.3187;83.82808;311.052;3.97137;151.3354;0.2532717;151.3354;83.83045;311.152;3.618721;151.3354;0.269385;151.3354;81.80968;310.9687;3.368787;151.3354;1.548759;151.3354;101.3077;321.2354;2006.468;151.352;1.079744;151.352;89.76402;310.8687;37.0628;151.352;0.9966714;151.352;89.13149;311.3354;51.72532;151.352;1.387496;151.352;89.18114;310.7853;75.34554
160.652;0.2554779;160.652;83.76142;321.052;3.919462;160.652;0.2547674;160.652;83.67675;321.152;4.295176;160.652;0.2718997;160.652;81.75807;320.9687;65.33049;160.652;1.549088;160.652;101.2587;331.252;1579.274;160.652;1.079742;160.652;89.64165;320.8687;37.47322;160.652;0.9976002;160.652;89.05745;321.3354;51.61287;160.652;1.385559;160.652;88.98136;320.7853;73.70406
161.302;0.2559714;161.302;83.83103;331.052;4.219922;161.3187;0.2533807;161.3187;83.87103;331.152;5.679813;161.3187;0.2700087;161.3187;81.81454;330.9687;4.212596;161.3187;1.54954;161.3187;101.3334;341.252;1748.123;161.3354;1.080369;161.3354;89.84787;330.8687;37.62273;161.3354;0.9958345;161.3354;89.12291;331.3354;51.39614;161.3354;1.383657;161.3354;89.11366;330.7853;69.32514
170.652;0.2567846;170.652;83.73634;341.052;3.764027;170.652;0.254559;170.652;83.70602;341.152;3.774362;170.652;0.2692093;170.652;81.75711;340.9687;1.426012;170.652;1.549859;170.652;101.259;351.252;1676.232;170.652;1.080286;170.652;89.70908;340.8687;37.27193;170.652;0.9970059;170.652;89.14576;341.3354;51.7053;170.652;1.386886;170.652;88.91407;340.7853;78.03359
171.302;0.2554789;171.302;83.86102;351.052;3.952184;171.3187;0.25545;171.3187;83.8092;351.152;3.767862;171.3187;0.2686064;171.3187;81.83833;350.9687;1.6001;171.3187;1.554155;171.3187;101.3474;361.252;1512.099;171.3354;1.07816;171.3354;89.80681;350.8687;37.92022;171.3354;0.9976117;171.3354;89.16367;351.3354;51.54723;171.3354;1.383341;171.3354;89.12256;350.7853;71.30551
180.652;0.2560478;180.652;83.6954;361.052;3.585363;180.652;0.2546005;180.652;83.80577;361.152;3.496077;180.652;0.2714787;180.652;81.77723;360.9687;2.701762;180.652;1.551216;180.652;101.1967;371.2354;1650.232;180.652;1.077973;180.652;89.64231;360.8687;37.50626;180.652;0.9960022;180.652;89.16022;361.3354;51.83248;180.652;1.387305;180.652;88.91662;360.7853;71.5848
181.3187;0.2558537;181.3187;83.82035;371.052;3.796304;181.3187;0.2548976;181.3187;83.86009;371.1353;3.554478;181.3187;0.2708541;181.3187;81.86808;370.952;3.60588;181.3354;1.550101;181.3354;101.3461;381.2354;1822.013;181.3354;1.080259;181.3354;89.75479;370.8687;37.65898;181.3354;0.9952771;181.3354;89.25761;371.3187;53.16076;181.352;1.382494;181.352;89.13387;370.7687;76.1957
190.652;0.2564822;190.652;83.74387;381.052;4.06951;190.652;0.2545781;190.652;83.74312;381.1353;3.693922;190.652;0.2712908;190.652;81.75048;380.952;3.797744;190.652;1.55144;190.652;101.1474;391.2354;1567.988;190.652;1.080109;190.652;89.68793;380.8687;37.68373;190.652;0.9977504;190.652;89.24761;381.3187;51.88913;190.652;1.38438;190.652;88.89043;380.7687;86.11965
191.3187;0.2561643;191.3187;83.84602;391.052;4.793634;191.3187;0.2548108;191.3187;83.85064;391.1353;3.581312;191.3187;0.2678172;191.3187;81.8923;390.952;2.712565;191.3354;1.551732;191.3354;101.3492;401.2354;1698.927;191.3354;1.079558;191.3354;89.78777;390.8687;37.73291;191.3354;0.9992228;191.3354;89.32767;391.3187;53.5158;191.352;1.382057;191.352;89.0857;390.7687;75.32529
200.652;0.2564405;200.652;83.741;401.052;4.487021;200.652;0.2554573;200.652;83.6711;401.152;3.69498;200.652;0.2776566;200.652;81.71432;400.952;3.506081;200.652;1.552434;200.652;101.2684;411.2354;1309.12;200.652;1.08093;200.652;89.80219;400.8687;37.91497;200.652;0.9963297;200.652;89.27486;401.3354;52.60295;200.652;1.385904;200.652;88.92036;400.7687;71.60012
201.3187;0.2562928;201.3187;83.82477;411.052;4.067707;201.3187;0.2536388;201.3187;83.84378;411.152;3.467206;201.3187;0.2680708;201.3187;81.86337;410.952;4.484017;201.3354;1.548565;201.3354;101.3523;421.2354;1486.481;201.3354;1.078207;201.3354;89.91541;410.8687;37.578;201.3354;0.9961679;201.3354;89.38594;411.3354;53.33791;201.352;1.38327;201.352;89.11897;410.7687;69.32328
210.6687;0.256851;210.6687;83.7785;421.052;4.003211;210.652;0.2535777;210.652;83.74318;421.152;3.977628;210.652;0.2687772;210.652;81.72257;420.952;3.590831;210.652;1.550485;210.652;101.308;431.2354;2505.151;210.652;1.079877;210.652;89.88348;420.8687;37.62724;210.652;0.9958469;210.652;89.29485;421.3354;53.39391;210.652;1.387003;210.652;88.92443;420.7853;78.28101
211.3187;0.2557756;211.3187;83.81168;431.052;5.152112;211.3187;0.2538307;211.3187;83.87241;431.152;4.062241;211.3354;0.2699676;211.3354;81.85355;430.9687;3.195106;211.3354;1.552266;211.3354;101.4367;441.2354;1978.544;211.3354;1.079962;211.3354;90.02724;430.8687;37.36825;211.352;0.9982819;211.352;89.37562;431.3354;53.71296;211.352;1.384729;211.352;89.08219;430.7853;73.57762
220.6687;0.2567818;220.6687;83.73257;441.052;3.844104;220.6687;0.2550397;220.6687;83.73271;441.152;4.822981;220.6687;0.2697438;220.6687;81.76811;440.9687;4.457102;220.652;1.550875;220.652;101.3312;451.2354;1511.135;220.652;1.080689;220.652;89.7784;440.8687;37.56475;220.652;0.9956773;220.652;89.37598;441.3354;53.83168;220.652;1.382312;220.652;88.90438;440.7853;76.08397
221.3187;0.2559636;221.3187;83.84561;451.052;4.278703;221.3187;0.2543372;221.3187;83.86437;451.152;4.053049;221.3354;0.2699639;221.3354;81.77858;450.9687;3.966342;221.3354;1.552659;221.3354;101.3953;461.252;1657.447;221.3354;1.081301;221.3354;89.83314;450.8687;37.72426;221.352;0.997116;221.352;89.42467;451.3354;54.45764;221.352;1.386638;221.352;89.10736;450.7853;71.87803
230.6687;0.2553338;230.6687;83.75468;461.052;3.884371;230.6687;0.2537813;230.6687;83.80376;461.152;114.6894;230.6687;0.2693898;230.6687;81.77687;460.9687;2.673689;230.6687;1.552608;230.6687;101.3556;471.252;1591.569;230.652;1.080625;230.652;89.61374;460.8687;37.43151;230.652;0.9983527;230.652;89.46297;461.3354;54.34682;230.652;1.385652;230.652;88.98111;460.7853;77.54009
231.3187;0.2569279;231.3187;83.81049;471.052;4.009057;231.3187;0.2554384;231.3187;83.77791;471.152;3.790727;231.3354;0.2712065;231.3354;81.78375;470.9687;1.520323;231.3354;1.551784;231.3354;101.3294;481.252;1647.909;231.3354;1.081512;231.3354;89.47359;470.8687;38.26772;231.352;0.9993102;231.352;89.45999;471.3354;52.66857;231.352;1.385575;231.352;89.07591;470.7853;73.38096
240.6687;0.2550446;240.6687;83.66351;481.0687;4.299816;240.6687;0.2547669;240.6687;83.75731;481.152;3.988514;240.6687;0.2717007;240.6687;81.76429;480.9687;2.985474;240.6687;1.552698;240.6687;101.2387;491.2354;1870.089;240.6687;1.081705;240.6687;89.55917;480.8853;37.55125;240.652;0.9972553;240.652;89.4765;481.3354;53.15229;240.652;1.38387;240.652;88.94674;480.7853;73.36665
241.3187;0.2564163;241.3187;83.87111;491.052;6.362899;241.3187;0.2544342;241.3187;83.88243;491.1353;3.568739;241.3354;0.2705103;241.3354;81.89112;490.952;3.96934;241.3354;1.551786;241.3354;101.3993;501.2354;1574.304;241.3354;1.07857;241.3354;89.65894;490.8687;37.79219;241.352;0.995924;241.352;89.57307;491.3187;53.32295;241.352;1.383683;241.352;89.09795;490.7687;78.31208
250.6687;0.2561845;250.6687;83.7962;501.052;4.121796;250.6687;0.2542672;250.6687;83.84178;501.1353;3.725981;250.6687;0.2707606;250.6687;81.77682;500.952;4.694958;250.6687;1.553073;250.6687;101.2784;511.2354;1287.851;250.6687;1.079933;250.6687;89.69753;500.8687;37.82553;250.6687;0.9985238;250.6687;89.48645;501.3187;52.63435;250.652;1.389056;250.652;88.95707;500.7687;85.27461
251.3187;0.2565434;251.3187;83.8352;511.052;3.725072;251.3354;0.2553934;251.3354;83.90043;511.152;3.528511;251.3354;0.2707608;251.3354;81.84623;510.952;2.081373;251.3354;1.554035;251.3354;101.4677;521.2354;1920.198;251.352;1.07838;251.352;89.82285;510.8687;37.14214;251.352;0.9970667;251.352;89.61809;511.3354;55.4779;251.352;1.38808;251.352;89.10869;510.7687;78.53254
260.652;0.2555806;260.652;83.83339;521.052;3.916586;260.652;0.254117;260.652;83.79541;521.152;4.468966;260.652;0.2708656;260.652;81.73253;520.9687;12.26438;260.652;1.553536;260.652;101.3742;531.2354;1161.56;260.652;1.079631;260.652;89.70566;520.8687;37.07768;260.652;0.99764;260.652;89.53705;521.3353;53.95145;260.652;1.384845;260.652;88.87621;520.7687;77.42014
261.302;0.2561174;261.302;83.9016;531.052;4.010741;261.3187;0.2548307;261.3187;83.86768;531.152;3.490505;261.3187;0.2710843;261.3187;81.77729;530.9687;3.586242;261.3187;1.551612;261.3187;101.4688;541.2354;1769.483;261.3354;1.080349;261.3354;89.7394;530.8687;38.26767;261.3354;0.9955087;261.3354;89.61979;531.3353;54.87136;261.3354;1.387795;261.3354;89.14676;530.7853;79.44739
270.652;0.256422;270.652;83.79144;541.052;3.903992;270.652;0.2551319;270.652;83.59105;541.152;3.804192;270.652;0.2718;270.652;81.72517;540.9687;3.556905;270.652;1.552514;270.652;101.389;551.252;1539.072;270.652;1.080687;270.652;89.5928;540.8687;38.22542;270.652;0.9987998;270.652;89.51112;541.3353;54.7836;270.652;1.38484;270.652;88.9148;540.7853;80.80274
271.302;0.2561297;271.302;83.92318;551.052;4.897074;271.3187;0.2546857;271.3187;83.51928;551.152;3.966817;271.3187;0.2693931;271.3187;81.81011;550.9687;815.6075;271.3187;1.555608;271.3187;101.4417;561.2521;1771.758;271.3354;1.081981;271.3354;89.52699;550.8687;37.72353;271.3354;0.9980223;271.3354;89.67784;551.3353;54.41528;271.3354;1.386908;271.3354;89.13932;550.7853;71.26742
280.652;0.255273;280.652;83.75629;561.0521;4.125918;280.652;0.2532705;280.652;83.46491;561.1521;3.484654;280.652;0.2711475;280.652;81.76089;560.9688;4.215115;280.652;1.550525;280.652;101.2637;571.2521;1307.987;280.652;1.08025;280.652;89.46835;560.8688;37.8763;280.652;0.9972439;280.652;89.6739;561.3354;53.21321;280.652;1.387829;280.652;88.91499;560.7854;79.74916
281.3187;0.2552256;281.3187;83.93385;571.0687;3.859262;281.3187;0.2546369;281.3187;83.60035;571.1521;3.53535;281.3187;0.2699707;281.3187;81.88546;570.9688;2.913221;281.3354;1.555699;281.3354;101.4357;581.2354;1692.471;281.3354;1.080038;281.3354;89.45896;570.8854;37.66812;281.3354;0.998408;281.3354;89.73286;571.3354;55.09555;281.352;1.383665;281.352;89.17362;570.7854;75.53851
290.652;0.2564795;290.652;83.84297;581.0521;3.84352;290.652;0.2552988;290.652;83.57204;581.1354;4.36446;290.652;0.2698067;290.652;81.81958;580.9521;3.133184;290.652;1.552013;290.652;101.2334;591.2354;1448.246;290.652;1.080655;290.652;89.46628;580.8688;38.52927;290.652;0.998404;290.652;89.67851;581.3187;54.82924;290.652;1.386196;290.652;89.01612;580.7687;90.11102
291.3187;0.2566203;291.3187;83.92535;591.0521;4.482262;291.3187;0.2548874;291.3187;83.71571;591.1354;3.534851;291.3187;0.2732649;291.3187;81.91055;590.9521;3.346156;291.3354;1.55188;291.3354;101.4405;601.2354;1522.732;291.3354;1.080588;291.3354;89.57993;590.8688;38.29737;291.3354;1.000643;291.3354;89.77593;591.3187;55.11652;291.352;1.38291;291.352;89.19843;590.7687;81.56403
300.652;0.2564341;300.652;83.87185;601.0521;4.134101;300.652;0.254329;300.652;83.56523;601.1354;4.506382;300.652;0.2696379;300.652;81.80341;600.9521;3.338927;300.652;1.550512;300.652;101.4345;611.2354;1408.769;300.652;1.079334;300.652;89.52132;600.8688;37.62299;300.652;0.9980125;300.652;89.6725;601.3187;53.30214;300.652;1.388714;300.652;88.97447;600.7687;81.16754
301.3187;0.2575686;301.3187;84.00039;611.0521;3.888542;301.3187;0.2543603;301.3187;83.52718;611.1521;3.710228;301.3187;0.2699283;301.3187;81.83466;610.9521;2.01654;301.3354;1.550547;301.3354;101.4042;621.2354;1056.189;301.3354;1.080111;301.3354;89.61903;610.8688;37.72257;301.3354;0.998448;301.3354;89.83669;611.3354;54.8345;301.352;1.388975;301.352;89.21742;610.7687;79.397
310.652;0.2563001;310.652;83.92373;621.0521;3.97988;310.652;0.2544406;310.652;83.37997;621.1521;4.266281;310.652;0.2719717;310.652;81.77697;620.9688;3.175583;310.652;1.555209;310.652;101.3259;631.2354;1281.784;310.652;1.080356;310.652;89.42735;620.8688;38.01085;310.652;0.9970225;310.652;89.75698;621.3354;54.22906;310.652;1.388996;310.652;89.01703;620.7854;80.34473
311.3187;0.2574282;311.3187;84.00141;631.0521;4.011553;311.3187;0.2556328;311.3187;83.32517;631.1521;4.179855;311.3187;0.279254;311.3187;81.87889;630.9688;4.525285;311.3354;1.554105;311.3354;101.4268;641.2354;1131.613;311.3354;1.080476;311.3354;89.66309;630.8688;38.15534;311.3354;1.000118;311.3354;89.835;631.3354;56.37917;311.352;1.385192;311.352;89.23665;630.7854;84.41033
320.6687;0.2564065;320.6687;83.82806;641.0521;4.373098;320.652;0.2545962;320.652;83.28638;641.1521;3.716528;320.652;0.2712601;320.652;81.85618;640.9688;3.736759;320.652;1.551483;320.652;101.2711;651.2521;1402.872;320.652;1.078192;320.652;89.46169;640.8688;38.30022;320.652;0.9988428;320.652;89.79173;641.3354;54.34431;320.652;1.387504;320.652;89.20277;640.7854;78.31334
321.3187;0.2559886;321.3187;84.01569;651.0521;3.921987;321.3187;0.2541342;321.3187;83.41899;651.1521;4.057662;321.3354;0.2692141;321.3354;81.94884;650.9688;3.357646;321.3354;1.551784;321.3354;101.4884;661.2521;2455.052;321.3354;1.080328;321.3354;89.60931;650.8688;37.98238;321.352;0.9995618;321.352;89.82827;651.3354;56.85338;321.352;1.390329;321.352;89.25742;650.7854;80.54349
330.6687;0.256421;330.6687;83.85448;661.0521;3.890493;330.6687;0.2545754;330.6687;83.29449;661.1521;3.670661;330.6687;0.2714755;330.6687;81.8803;660.9688;3.688976;330.652;1.553113;330.652;101.3757;671.2521;1600.153;330.652;1.079296;330.652;89.57037;660.8688;38.04227;330.652;0.9997844;330.652;89.80626;661.3354;55.51796;330.652;1.389793;330.652;88.99089;660.7854;82.32728
331.3187;0.2562982;331.3187;83.99847;671.0687;3.9164;331.3187;0.2556414;331.3187;83.44299;671.1521;4.037526;331.3354;0.2697576;331.3354;81.9558;670.9688;2.783515;331.3354;1.55314;331.3354;101.4121;681.2354;1872.665;331.3354;1.081565;331.3354;89.61153;670.8854;37.98417;331.352;1.000694;331.352;89.9168;671.3354;55.48819;331.352;1.387891;331.352;89.0769;670.7854;78.3088
340.6687;0.2552998;340.6687;83.88461;681.0521;3.781745;340.6687;0.2558656;340.6687;83.37084;681.1521;3.946364;340.6687;0.2710541;340.6687;81.8648;680.9521;3.317433;340.6687;1.555071;340.6687;101.274;691.2354;1332.993;340.6687;1.080778;340.6687;89.58315;680.8688;38.30364;340.652;0.9992167;340.652;89.88109;681.3354;55.24626;340.652;1.389863;340.652;88.83726;680.7687;84.87699
341.3187;0.2565253;341.3187;83.98537;691.0521;5.061134;341.3187;0.2544153;341.3187;83.45251;691.1521;3.623758;341.3354;0.2723772;341.3354;81.95768;690.9521;5.913124;341.3354;1.553937;341.3354;101.4799;701.2354;1358.584;341.3354;1.080329;341.3354;89.76257;690.8688;38.39405;341.352;0.9986802;341.352;89.93744;691.3354;55.05924;341.352;1.388302;341.352;88.83769;690.7687;79.21304
350.6687;0.2556166;350.6687;83.85382;701.0521;4.099569;350.6687;0.2553548;350.6687;83.3243;701.1521;4.176067;350.6687;0.2703036;350.6687;81.93014;700.9521;3.842587;350.6687;1.551617;350.6687;101.4441;711.2354;1594.92;350.6687;1.079558;350.6687;89.62166;700.8688;37.99679;350.6687;0.9994131;350.6687;89.84307;701.3354;56.58016;350.6687;1.387685;350.6687;88.9378;700.7687;74.10822
351.3187;0.2563748;351.3187;83.98006;711.0521;4.036355;351.3187;0.2539869;351.3187;83.43902;711.1521;4.637846;351.3354;0.2703005;351.3354;81.9712;710.9521;3.750311;351.3354;1.553358;351.3354;101.5417;721.2354;1107.168;351.3354;1.08068;351.3354;89.73346;710.8688;38.13968;351.352;0.9993862;351.352;89.97968;711.3354;56.2074;351.352;1.391929;351.352;89.22411;710.7687;82.01051
360.6687;0.2563893;360.6687;83.82104;721.0521;4.517547;360.6687;0.2554332;360.6687;83.34794;721.1521;4.346208;360.6687;0.2685128;360.6687;81.90129;720.9688;4.297959;360.6687;1.551677;360.6687;101.4074;731.2354;1181.348;360.6687;1.080019;360.6687;89.57462;720.8688;38.26249;360.6687;1.001366;360.6687;90.02601;721.3354;54.07707;360.6687;1.391225;360.6687;89.03967;720.7854;93.13339
361.3187;0.2563408;361.3187;83.95737;731.0521;4.216115;361.3354;0.2552817;361.3354;83.38819;731.1521;3.459522;361.3354;0.2704196;361.3354;82.00947;730.9688;4.739728;361.3354;1.557035;361.3354;101.5801;741.2354;1306.399;361.352;1.080085;361.352;89.6665;730.8688;38.26783;361.352;1.00002;361.352;89.99041;731.3354;56.39328;361.352;1.391101;361.352;89.14327;730.7854;89.98753
370.652;0.2556484;370.652;83.80807;741.0521;3.651589;370.652;0.2546431;370.652;83.28178;741.1521;4.043807;370.652;0.2716594;370.652;81.9141;740.9688;4.904174;370.652;1.554325;370.652;101.2495;751.2521;1097.581;370.652;1.080941;370.652;89.64194;740.8688;38.47477;370.652;1.000306;370.652;89.91367;741.3354;55.67286;370.652;1.39084;370.652;88.84338;740.7854;90.64433
371.302;0.2566694;371.302;83.91249;751.0521;3.813137;371.3187;0.2549561;371.3187;83.41277;751.1521;3.858033;371.3187;0.2703255;371.3187;81.92751;750.9688;1.287802;371.3187;1.552384;371.3187;101.1428;761.2521;2663.158;371.3354;1.081161;371.3354;89.82935;750.8688;38.47334;371.3354;1.001579;371.3354;90.03209;751.3354;55.4976;371.3354;1.391317;371.3354;88.78645;750.7854;88.43848
380.652;0.2561784;380.652;83.76214;761.0521;4.050604;380.652;0.2537853;380.652;83.28033;761.1521;4.127698;380.652;0.270541;380.652;81.78567;760.9688;5.333567;380.652;1.554354;380.652;101.1072;771.2521;1815.489;380.652;1.080482;380.652;89.66106;760.8688;37.83383;380.652;1.001831;380.652;89.83956;761.3354;57.74211;380.652;1.389076;380.652;88.72576;760.7854;83.97813
381.302;0.256677;381.302;83.91873;771.0687;4.12087;381.3187;0.2558589;381.3187;83.46066;771.1521;3.871088;381.3187;0.2711696;381.3187;81.89727;770.9688;2.517577;381.3187;1.553529;381.3187;101.1728;781.2354;3021.735;381.3354;1.080146;381.3354;89.82069;770.8854;37.52225;381.3354;0.999004;381.3354;90.04359;771.3354;58.16013;381.3354;1.38859;381.3354;88.79473;770.7854;83.37668
390.652;0.2562014;390.652;83.8951;781.0521;3.886492;390.652;0.255256;390.652;83.32415;781.1354;3.861533;390.652;0.2739974;390.652;81.78958;780.9521;1.678557;390.652;1.554575;390.652;101.18;791.2354;10970.11;390.652;1.08152;390.652;89.70248;780.8688;38.15569;390.652;1.0005;390.652;89.941;781.3187;57.98007;390.652;1.392953;390.652;88.72814;780.7687;83.52483
391.302;0.255729;391.302;83.9542;791.0521;6.049526;391.3187;0.2547822;391.3187;83.38713;791.1354;3.73721;391.3187;0.271489;391.3187;81.91357;790.9521;4.604423;391.3187;1.550638;391.3187;101.3339;801.2354;2630.157;391.3354;1.081823;391.3354;89.76701;790.8688;37.93983;391.3354;1.001894;391.3354;90.01871;791.3354;57.33113;391.3354;1.390471;391.3354;88.95415;790.7687;84.00226
400.652;0.2564385;400.652;83.88028;801.0521;3.789688;400.652;0.2541414;400.652;83.24732;801.1521;4.041344;400.652;0.2746431;400.652;81.81169;800.9521;1.771796;400.652;1.554069;400.652;101.2115;811.2354;2316.61;400.652;1.080954;400.652;89.6162;800.8688;38.34777;400.652;1.002253;400.652;90.02576;801.3354;57.84012;400.652;1.393859;400.652;88.75656;800.7687;90.1687
401.3187;0.2562848;401.3187;83.87175;811.0521;4.169102;401.3187;0.2553686;401.3187;83.3922;811.1521;48.87046;401.3187;0.2716995;401.3187;81.81541;810.9521;26950.11;401.3354;1.557146;401.3354;101.1949;821.2354;1655.857;401.3354;1.082356;401.3354;89.75962;810.8688;38.49051;401.3354;1.002364;401.3354;89.96302;811.3354;58.9591;401.352;1.389695;401.352;88.86929;810.7687;93.59212
410.652;0.2568724;410.652;83.54532;821.0521;4.522919;410.652;0.254642;410.652;83.2478;821.1521;4.506713;410.652;0.2716545;410.652;81.75938;820.9688;2.626101;410.652;1.553516;410.652;100.9837;831.2354;2175.224;410.652;1.081131;410.652;89.66869;820.8688;37.92143;410.652;1.000479;410.652;89.88007;821.3354;58.03345;410.652;1.396721;410.652;88.69917;820.7854;88.06296
411.3187;0.2563192;411.3187;83.48623;831.0521;4.118621;411.3187;0.2561404;411.3187;83.40643;831.1521;4.291707;411.3187;0.2707806;411.3187;81.81838;830.9688;4.6924;411.3354;1.553438;411.3354;100.8973;841.2354;1789.135;411.3354;1.080902;411.3354;89.81466;830.8688;38.00778;411.3354;1.003535;411.3354;90.01122;831.3354;58.50163;411.352;1.392917;411.352;88.94623;830.7854;88.40128
420.652;0.2565374;420.652;83.43188;841.0521;3.799313;420.652;0.2544876;420.652;83.29056;841.1521;3.632624;420.652;0.2696546;420.652;81.67287;840.9688;3.838447;420.652;1.552326;420.652;100.8605;851.2354;1991.82;420.652;1.079857;420.652;89.735;840.8688;38.20885;420.652;1.002251;420.652;89.93118;841.3354;58.72163;420.652;1.395909;420.652;88.72531;840.7854;95.32648
421.3187;0.2575043;421.3187;83.57301;851.0521;5.198659;421.3187;0.2562615;421.3187;83.4297;851.1521;4.767797;421.3187;0.2718107;421.3187;81.78735;850.9688;3.158761;421.3354;1.554783;421.3354;100.8232;861.2521;1778.67;421.3354;1.081096;421.3354;89.84954;850.8688;38.08305;421.3354;1.000718;421.3354;90.04134;851.3354;58.82597;421.352;1.397715;421.352;89.0296;850.7854;92.70907
430.652;0.2563002;430.652;83.54204;861.0521;4.400633;430.652;0.2551791;430.652;83.30468;861.1521;3.627545;430.652;0.2733751;430.652;81.6615;860.9688;2.681573;430.652;1.555045;430.652;100.8751;871.2521;1914.297;430.652;1.079963;430.652;89.63538;860.8688;38.16343;430.652;1.00267;430.652;89.95444;861.3354;56.62305;430.652;1.390778;430.652;88.81375;860.7854;91.78882
431.3187;0.2572058;431.3187;83.66592;871.0521;4.095075;431.3187;0.2546804;431.3187;83.38691;871.1521;4.01378;431.3187;0.2685767;431.3187;81.771;870.9688;4.101033;431.3354;1.555319;431.3354;100.9245;881.2521;1065.566;431.3354;1.082277;431.3354;89.81927;870.8688;37.8189;431.3354;1.002785;431.3354;90.1059;871.3354;59.4498;431.352;1.396702;431.352;88.98969;870.7854;87.57629
440.6687;0.2553512;440.6687;83.56721;881.0687;5.698842;440.652;0.2551909;440.652;83.19479;881.1521;4.165393;440.652;0.2724428;440.652;81.74371;880.9688;4.643489;440.652;1.556046;440.652;100.8633;891.2354;1617.719;440.652;1.080837;440.652;89.59933;880.8854;38.34027;440.652;1.002808;440.652;90.0082;881.3354;57.9911;440.652;1.395797;440.652;88.78175;880.7854;89.99572
441.3187;0.256397;441.3187;83.63538;891.0521;4.020614;441.3187;0.2557248;441.3187;83.36536;891.1354;5.028971;441.3354;0.2740157;441.3354;81.71658;890.9521;2.525472;441.3354;1.552095;441.3354;100.8806;901.2354;1917.909;441.3354;1.082535;441.3354;89.7752;890.8688;37.89272;441.352;1.005141;441.352;90.07492;891.3187;60.43552;441.352;1.395489;441.352;88.88127;890.7687;99.16119
450.6687;0.2566409;450.6687;83.43698;901.0521;3.821411;450.6687;0.25561;450.6687;83.16901;901.1354;4.077786;450.6687;0.2761153;450.6687;81.70783;900.9521;2.426347;450.652;1.556057;450.652;100.7734;911.2354;1549.673;450.652;1.081146;450.652;89.58672;900.8688;37.50119;450.652;1.004237;450.652;90.01318;901.3187;58.7768;450.652;1.396607;450.652;88.83462;900.7687;86.17831
451.3187;0.2569717;451.3187;83.48888;911.0521;3.734374;451.3187;0.2566355;451.3187;83.38194;911.1521;3.439124;451.3354;0.27006;451.3354;81.71167;910.9521;3.855832;451.3354;1.554605;451.3354;100.8188;921.2354;1783.944;451.3354;1.080321;451.3354;89.75333;910.8688;38.40135;451.352;1.003423;451.352;90.1219;911.3354;61.88803;451.352;1.39645;451.352;88.99104;910.7687;71.96643
460.6687;0.257033;460.6687;83.23112;921.0521;4.173186;460.6687;0.2555895;460.6687;83.25294;921.1521;3.637972;460.6687;0.2726826;460.6687;81.64391;920.9688;2.704054;460.6687;1.553707;460.6687;100.7436;931.2354;1802.498;460.652;1.078856;460.652;89.58823;920.8688;38.44511;460.652;1.003283;460.652;90.10549;921.3354;59.22361;460.652;1.398131;460.652;88.87475;920.7854;85.64849
461.3187;0.2566738;461.3187;83.30073;931.0521;4.248948;461.3187;0.2556432;461.3187;83.36571;931.1521;5.125325;461.3354;0.2716795;461.3354;81.76221;930.9688;2.933893;461.3354;1.556244;461.3354;100.9159;941.2354;1918.999;461.3354;1.078054;461.3354;89.78259;930.8688;38.79623;461.352;1.004014;461.352;90.16737;931.3354;57.3594;461.352;1.3944;461.352;89.09115;930.7854;94.35481
470.6687;0.2559921;470.6687;83.17475;941.0521;4.322076;470.6687;0.2549782;470.6687;83.2759;941.1521;5.741082;470.6687;0.2715724;470.6687;81.70487;940.9688;3.964262;470.6687;1.551432;470.6687;100.7958;951.2521;1872.63;470.6687;1.079915;470.6687;89.64346;940.8688;37.66507;470.6687;1.004957;470.6687;90.19357;941.3354;61.5491;470.6687;1.398377;470.6687;88.87916;940.7854;80.74437
471.3187;0.2567715;471.3187;83.31868;951.0521;4.018194;471.3187;0.2558844;471.3187;83.39309;951.1521;4.183861;471.3354;0.2709472;471.3354;81.70493;950.9688;3.299562;471.3354;1.553262;471.3354;100.9263;961.2521;2167.413;471.352;1.082449;471.352;89.81053;950.8688;38.46939;471.352;1.005488;471.352;90.27599;951.3354;60.44404;471.352;1.399205;471.352;89.1498;950.7854;99.35085
480.6687;0.2563739;480.6687;83.24505;961.0521;318.0181;480.6687;0.2561787;480.6687;83.26083;961.1521;4.245607;480.6687;0.2695092;480.6687;81.66237;960.9688;3.875796;480.6687;1.55495;480.6687;100.8291;971.2521;1760.671;480.6687;1.080832;480.6687;89.60491;960.8688;37.76189;480.6687;1.003404;480.6687;90.20295;961.3354;60.74275;480.6687;1.398699;480.6687;88.95945;960.7854;81.87827
481.3187;0.2570093;481.3187;83.37083;971.0521;4.68407;481.3354;0.2543617;481.3354;83.32751;971.1521;492.2895;481.3354;0.2743357;481.3354;81.71619;970.9688;2.466348;481.3354;1.559352;481.3354;100.8486;981.2521;1936.279;481.352;1.08164;481.352;89.71619;970.8688;37.99782;481.352;1.006251;481.352;90.27506;971.3354;59.80073;481.352;1.399927;481.352;89.06217;970.7854;84.14965
490.652;0.2566844;490.652;83.21066;981.0687;4.366549;490.652;0.2542582;490.652;83.16886;981.1521;4.708227;490.652;0.2715309;490.652;81.64228;980.9688;4.130946;490.652;1.556985;490.652;100.8058;991.2354;1912.396;490.652;1.081685;490.652;89.62791;980.8854;37.5084;490.652;1.006508;490.652;90.12679;981.3354;61.91366;490.652;1.399887;490.652;89.02154;980.7854;96.93565
491.302;0.2561159;491.302;83.36069;991.0521;3.896397;491.3187;0.2543692;491.3187;83.35685;991.1354;21.93186;491.3187;0.2715467;491.3187;81.66264;990.9521;3.276671;491.3187;1.554324;491.3187;100.8163;1001.235;1872.99;491.3354;1.080693;491.3354;89.80621;990.8688;38.27316;491.3354;1.008274;491.3354;90.07224;991.3187;63.09003;491.3354;1.403334;491.3354;89.11311;990.7687;84.14034
500.652;0.2562428;500.652;83.22028;1001.052;4.019847;500.652;0.2551008;500.652;83.20039;1001.135;3.823008;500.652;0.2720934;500.652;81.6153;1000.952;2.804323;500.652;1.558175;500.652;100.8443;1011.235;2002.476;500.652;1.080823;500.652;89.63908;1000.869;38.06541;500.652;1.006066;500.652;89.97517;1001.319;61.15421;500.652;1.401677;500.652;89.02609;1000.769;89.39786
501.302;0.2565012;501.302;83.33273;1011.052;4.159204;501.3187;0.2555336;501.3187;83.32427;1011.152;4.064443;501.3187;0.2737043;501.3187;81.69233;1010.952;4.162504;501.3187;1.55578;501.3187;100.8582;1021.235;1679.903;501.3354;1.08229;501.3354;89.8184;1010.869;37.76797;501.3354;1.00624;501.3354;89.9556;1011.335;60.71232;501.352;1.401123;501.352;89.20477;1010.769;93.70544
510.652;0.2569368;510.652;83.10651;1021.052;4.66877;510.652;0.255506;510.652;83.12533;1021.152;3.480349;510.652;0.2718423;510.652;81.58424;1020.969;2.284981;510.652;1.552751;510.652;100.7262;0;0;510.652;1.080204;510.652;89.4891;1020.869;37.5759;510.652;1.007767;510.652;89.94766;1021.335;61.43448;510.652;1.39996;510.652;89.04478;1020.769;90.38328
511.3187;0.2575817;511.3187;83.39212;0;0;511.3187;0.2545537;511.3187;83.4351;0;0;511.3187;0.2696958;511.3187;81.76017;0;0;511.3354;1.558166;511.3354;101.0108;0;0;511.3354;1.081382;511.3354;89.79572;0;0;511.3354;1.006819;511.3354;90.16239;0;0;511.352;1.402883;511.352;89.41709;0;0
520.652;0.2565464;520.652;83.15343;0;0;520.652;0.2569348;520.652;83.26971;0;0;520.652;0.2717157;520.652;81.75027;0;0;520.652;1.555829;520.652;100.7632;0;0;520.652;1.082134;520.652;89.56971;0;0;520.652;1.006307;520.652;90.1326;0;0;520.652;1.403356;520.652;89.22644;0;0
521.3187;0.2573443;521.3187;83.31599;0;0;521.3187;0.2546865;521.3187;83.38274;0;0;521.3187;0.2704291;521.3187;81.73925;0;0;521.3353;1.557408;521.3353;100.937;0;0;521.3353;1.080114;521.3353;89.77038;0;0;521.3353;1.007864;521.3353;90.29733;0;0;521.352;1.402346;521.352;89.36647;0;0
530.6687;0.2574133;530.6687;83.24166;0;0;530.652;0.2556586;530.652;83.25198;0;0;530.652;0.2716579;530.652;81.69866;0;0;530.652;1.55426;530.652;100.7279;0;0;530.652;1.081802;530.652;89.66022;0;0;530.652;1.007885;530.652;90.27515;0;0;530.652;1.402866;530.652;89.28268;0;0
531.3187;0.2571012;531.3187;83.21915;0;0;531.3187;0.255012;531.3187;83.34297;0;0;531.3353;0.2727495;531.3353;81.78761;0;0;531.3353;1.556761;531.3353;100.8478;0;0;531.3353;1.082811;531.3353;89.87298;0;0;531.352;1.007331;531.352;90.29937;0;0;531.352;1.402606;531.352;89.36523;0;0
540.6687;0.2565552;540.6687;83.19359;0;0;540.6687;0.2546433;540.6687;83.26794;0;0;540.652;0.2738803;540.652;81.58606;0;0;540.652;1.556528;540.652;100.7616;0;0;540.652;1.082138;540.652;89.75549;0;0;540.652;1.010102;540.652;90.20155;0;0;540.652;1.406882;540.652;89.33093;0;0
541.3187;0.2566603;541.3187;83.29942;0;0;541.3187;0.2557682;541.3187;83.33038;0;0;541.3353;0.2706979;541.3353;81.62488;0;0;541.3353;1.558712;541.3353;100.7775;0;0;541.3353;1.082594;541.3353;89.87369;0;0;541.352;1.007792;541.352;90.26582;0;0;541.352;1.40865;541.352;89.52448;0;0
550.6687;0.2576443;550.6687;83.13895;0;0;550.6687;0.2559671;550.6687;83.26656;0;0;550.6687;0.2722446;550.6687;81.46927;0;0;550.6687;1.556806;550.6687;100.7817;0;0;550.6687;1.081383;550.6687;89.67193;0;0;550.652;1.007884;550.652;90.1233;0;0;550.652;1.402897;550.652;89.36177;0;0
551.3187;0.2585062;551.3187;83.21706;0;0;551.3187;0.2561466;551.3187;83.38031;0;0;551.3353;0.2761322;551.3353;81.39814;0;0;551.3353;1.555355;551.3353;100.8507;0;0;551.3353;1.08387;551.3353;89.85391;0;0;551.352;1.010601;551.352;90.15504;0;0;551.352;1.407563;551.352;89.57878;0;0
560.6688;0.2571877;560.6688;83.13623;0;0;560.6688;0.2548993;560.6688;83.21901;0;0;560.6688;0.2752854;560.6688;81.42966;0;0;560.6688;1.555675;560.6688;100.768;0;0;560.6688;1.082414;560.6688;89.60954;0;0;560.6688;1.012135;560.6688;90.11254;0;0;560.6521;1.406979;560.6521;89.49442;0;0
561.3187;0.2569527;561.3187;83.21899;0;0;561.3187;0.2554744;561.3187;83.32512;0;0;561.3354;0.2692613;561.3354;81.37041;0;0;561.3354;1.557009;561.3354;100.8689;0;0;561.3354;1.081975;561.3354;89.9245;0;0;561.3521;1.009813;561.3521;90.09929;0;0;561.3521;1.408726;561.3521;89.68694;0;0
570.6688;0.2573137;570.6688;83.13303;0;0;570.6688;0.2553129;570.6688;83.17101;0;0;570.6688;0.271568;570.6688;81.46146;0;0;570.6688;1.555837;570.6688;100.7855;0;0;570.6688;1.081295;570.6688;89.64065;0;0;570.6688;1.00898;570.6688;90.12206;0;0;570.6521;1.408331;570.6521;89.58934;0;0
571.3187;0.2577737;571.3187;83.33041;0;0;571.3354;0.2556345;571.3354;83.38667;0;0;571.3354;0.273657;571.3354;81.54388;0;0;571.3354;1.555009;571.3354;100.8868;0;0;571.3521;1.082789;571.3521;90.00914;0;0;571.3521;1.010894;571.3521;90.19727;0;0;571.3521;1.412485;571.3521;89.73473;0;0
580.6521;0.2577045;580.6521;83.15311;0;0;580.6521;0.2558463;580.6521;83.22385;0;0;580.6521;0.2688297;580.6521;81.56148;0;0;580.6521;1.555118;580.6521;100.7852;0;0;580.6521;1.082161;580.6521;89.73216;0;0;580.6521;1.013699;580.6521;90.22007;0;0;580.6521;1.414341;580.6521;89.69939;0;0
581.3021;0.2579343;581.3021;83.38651;0;0;581.3187;0.2560036;581.3187;83.38229;0;0;581.3187;0.2721167;581.3187;81.62885;0;0;581.3187;1.554643;581.3187;100.8952;0;0;581.3354;1.083429;581.3354;89.94341;0;0;581.3354;1.01096;581.3354;90.22839;0;0;581.3354;1.409953;581.3354;89.83067;0;0
590.6521;0.2576201;590.6521;83.12742;0;0;590.6521;0.2568101;590.6521;83.26571;0;0;590.6521;0.2719448;590.6521;81.53005;0;0;590.6521;1.553543;590.6521;100.7815;0;0;590.6521;1.082112;590.6521;89.88648;0;0;590.6521;1.013112;590.6521;90.25986;0;0;590.6521;1.412862;590.6521;89.75889;0;0
591.3021;0.2577336;591.3021;83.3656;0;0;591.3187;0.2566498;591.3187;83.40678;0;0;591.3187;0.2723051;591.3187;81.63328;0;0;591.3187;1.554149;591.3187;100.8939;0;0;591.3354;1.081815;591.3354;89.98102;0;0;591.3354;1.010336;591.3354;90.29678;0;0;591.3354;1.411554;591.3354;89.95813;0;0
600.6521;0.2581564;600.6521;83.18755;0;0;600.6521;0.2563937;600.6521;83.33505;0;0;600.6521;0.2706442;600.6521;81.48539;0;0;600.6521;1.55535;600.6521;100.7549;0;0;600.6521;1.080125;600.6521;89.7595;0;0;600.6521;1.01625;600.6521;90.29911;0;0;600.6521;1.417311;600.6521;89.83176;0;0
601.3187;0.2576868;601.3187;83.29871;0;0;601.3187;0.2552626;601.3187;83.35479;0;0;601.3187;0.2729728;601.3187;81.52489;0;0;601.3354;1.554424;601.3354;100.8849;0;0;601.3354;1.08132;601.3354;89.85563;0;0;601.3354;1.015441;601.3354;90.2834;0;0;601.3521;1.413884;601.3521;90.08832;0;0
610.6521;0.2586015;610.6521;83.13657;0;0;610.6521;0.2559051;610.6521;83.32454;0;0;610.6521;0.27311;610.6521;81.40247;0;0;610.6521;1.555046;610.6521;100.7343;0;0;610.6521;1.08282;610.6521;89.62404;0;0;610.6521;1.0163;610.6521;90.30475;0;0;610.6521;1.416097;610.6521;89.96541;0;0
611.3187;0.2585339;611.3187;83.31889;0;0;611.3187;0.2564309;611.3187;83.39222;0;0;611.3187;0.2715906;611.3187;81.31073;0;0;611.3354;1.558941;611.3354;100.8829;0;0;611.3354;1.080248;611.3354;89.90835;0;0;611.3354;1.015726;611.3354;90.37277;0;0;611.3521;1.415488;611.3521;90.16087;0;0
620.6521;0.2579153;620.6521;83.13565;0;0;620.6521;0.2559601;620.6521;83.23843;0;0;620.6521;0.2741179;620.6521;81.283;0;0;620.6521;1.557349;620.6521;100.8508;0;0;620.6521;1.082663;620.6521;89.74422;0;0;620.6521;1.014336;620.6521;90.38534;0;0;620.6521;1.415539;620.6521;90.06322;0;0
621.3187;0.2574366;621.3187;83.31654;0;0;621.3187;0.2562325;621.3187;83.43404;0;0;621.3187;0.2722145;621.3187;81.22064;0;0;621.3354;1.551856;621.3354;100.8945;0;0;621.3354;1.080191;621.3354;89.98161;0;0;621.3354;1.015418;621.3354;90.54225;0;0;621.3521;1.416067;621.3521;90.21449;0;0
630.6688;0.258871;630.6688;83.19373;0;0;630.6521;0.2569014;630.6521;83.1218;0;0;630.6521;0.2701471;630.6521;81.21732;0;0;630.6521;1.553867;630.6521;100.8616;0;0;630.6521;1.082887;630.6521;89.84304;0;0;630.6521;1.013945;630.6521;90.51923;0;0;630.6521;1.417333;630.6521;90.23337;0;0
631.3187;0.2585002;631.3187;83.33476;0;0;631.3187;0.2574566;631.3187;83.40961;0;0;631.3354;0.2723389;631.3354;81.2479;0;0;631.3354;1.557378;631.3354;100.8671;0;0;631.3354;1.08191;631.3354;90.02573;0;0;631.3521;1.016331;631.3521;90.56597;0;0;631.3521;1.417429;631.3521;90.40918;0;0
640.6688;0.2592211;640.6688;83.20555;0;0;640.6688;0.2575794;640.6688;83.24567;0;0;640.6688;0.2685935;640.6688;81.28769;0;0;640.6521;1.556409;640.6521;100.8541;0;0;640.6521;1.080286;640.6521;89.82207;0;0;640.6521;1.0181;640.6521;90.52435;0;0;640.6521;1.419354;640.6521;90.39261;0;0
641.3187;0.2585654;641.3187;83.36427;0;0;641.3187;0.2580265;641.3187;83.43742;0;0;641.3354;0.2745564;641.3354;81.30725;0;0;641.3354;1.556526;641.3354;100.932;0;0;641.3354;1.083727;641.3354;89.9641;0;0;641.3521;1.017671;641.3521;90.54771;0;0;641.3521;1.42075;641.3521;90.49947;0;0
650.6688;0.2585202;650.6688;83.18674;0;0;650.6688;0.2572595;650.6688;83.34402;0;0;650.6688;0.278989;650.6688;81.29216;0;0;650.6688;1.557009;650.6688;100.8055;0;0;650.6521;1.081903;650.6521;89.72205;0;0;650.6521;1.021032;650.6521;90.62769;0;0;650.6521;1.420434;650.6521;90.47881;0;0
651.3187;0.2586243;651.3187;83.36986;0;0;651.3187;0.257261;651.3187;83.42334;0;0;651.3354;0.2725059;651.3354;81.31097;0;0;651.3354;1.5592;651.3354;100.9476;0;0;651.3354;1.083816;651.3354;89.90421;0;0;651.3521;1.018335;651.3521;90.59952;0;0;651.3521;1.422686;651.3521;90.63745;0;0
660.6688;0.2582764;660.6688;83.15066;0;0;660.6688;0.2573838;660.6688;83.3633;0;0;660.6688;0.2740326;660.6688;81.27674;0;0;660.6688;1.554717;660.6688;100.7531;0;0;660.6688;1.082635;660.6688;89.73138;0;0;660.6688;1.020816;660.6688;90.68382;0;0;660.6521;1.421188;660.6521;90.62014;0;0
661.3187;0.2584139;661.3187;83.35901;0;0;661.3187;0.2578406;661.3187;83.4598;0;0;661.3354;0.2686622;661.3354;81.27927;0;0;661.3354;1.555634;661.3354;100.9297;0;0;661.3521;1.081417;661.3521;89.91364;0;0;661.3521;1.020745;661.3521;90.65118;0;0;661.3521;1.420864;661.3521;90.80724;0;0
670.6688;0.2581537;670.6688;83.20193;0;0;670.6688;0.2576861;670.6688;83.28859;0;0;670.6688;0.273524;670.6688;81.2527;0;0;670.6688;1.554398;670.6688;100.8193;0;0;670.6688;1.082531;670.6688;89.84762;0;0;670.6688;1.022558;670.6688;90.6678;0;0;670.6688;1.422871;670.6688;90.74903;0;0
671.3187;0.2590202;671.3187;83.35247;0;0;671.3354;0.2578788;671.3354;83.43443;0;0;671.3354;0.2716552;671.3354;81.3299;0;0;671.3354;1.55565;671.3354;100.9232;0;0;671.3521;1.081627;671.3521;90.00024;0;0;671.3521;1.020911;671.3521;90.73357;0;0;671.3521;1.426692;671.3521;90.9675;0;0
680.6521;0.2571852;680.6521;83.20741;0;0;680.6521;0.2581366;680.6521;83.30604;0;0;680.6521;0.2724501;680.6521;81.25871;0;0;680.6521;1.558067;680.6521;100.8212;0;0;680.6521;1.08191;680.6521;89.90778;0;0;680.6521;1.021437;680.6521;90.79638;0;0;680.6521;1.428509;680.6521;90.88759;0;0
681.3187;0.2577663;681.3187;83.32746;0;0;681.3187;0.2575631;681.3187;83.44905;0;0;681.3187;0.2713239;681.3187;81.36761;0;0;681.3354;1.557335;681.3354;100.9443;0;0;681.3354;1.08141;681.3354;90.08485;0;0;681.3354;1.02239;681.3354;90.91143;0;0;681.3521;1.427239;681.3521;91.0524;0;0
690.6521;0.2587677;690.6521;83.24323;0;0;690.6521;0.2585982;690.6521;83.27638;0;0;690.6521;0.2747915;690.6521;81.24391;0;0;690.6521;1.554906;690.6521;100.8491;0;0;690.6521;1.080752;690.6521;90.05591;0;0;690.6521;1.022093;690.6521;90.88405;0;0;690.6521;1.428657;690.6521;91.07256;0;0
691.3187;0.2588809;691.3187;83.34892;0;0;691.3187;0.2589949;691.3187;83.49601;0;0;691.3187;0.2758029;691.3187;81.28663;0;0;691.3354;1.555421;691.3354;100.9152;0;0;691.3354;1.083597;691.3354;90.20589;0;0;691.3354;1.023226;691.3354;91.0488;0;0;691.3521;1.42896;691.3521;91.16026;0;0
700.6521;0.2591824;700.6521;83.21777;0;0;700.6521;0.2581186;700.6521;83.3033;0;0;700.6521;0.2737304;700.6521;81.24274;0;0;700.6521;1.551874;700.6521;100.9195;0;0;700.6521;1.082675;700.6521;90.04358;0;0;700.6521;1.023144;700.6521;91.01248;0;0;700.6521;1.427338;700.6521;91.17222;0;0
701.3187;0.2573464;701.3187;83.2894;0;0;701.3187;0.2590392;701.3187;83.50481;0;0;701.3187;0.2724786;701.3187;81.33676;0;0;701.3354;1.555711;701.3354;100.9366;0;0;701.3354;1.080245;701.3354;90.28385;0;0;701.3354;1.02667;701.3354;91.04796;0;0;701.3521;1.426988;701.3521;91.30251;0;0
710.6521;0.2577604;710.6521;83.18583;0;0;710.6521;0.2583906;710.6521;83.32739;0;0;710.6521;0.274125;710.6521;81.3197;0;0;710.6521;1.555938;710.6521;100.8748;0;0;710.6521;1.083861;710.6521;90.02344;0;0;710.6521;1.028835;710.6521;91.09041;0;0;710.6521;1.43024;710.6521;91.26852;0;0
711.3187;0.2594336;711.3187;83.36431;0;0;711.3187;0.2586353;711.3187;83.50255;0;0;711.3187;0.2744014;711.3187;81.26127;0;0;711.3354;1.554194;711.3354;100.9067;0;0;711.3354;1.082634;711.3354;90.24605;0;0;711.3354;1.026297;711.3354;91.14577;0;0;711.3521;1.434096;711.3521;91.48371;0;0
720.6521;0.2589286;720.6521;83.1469;0;0;720.6521;0.2582545;720.6521;83.29501;0;0;720.6521;0.2726996;720.6521;81.27694;0;0;720.6521;1.555377;720.6521;100.8533;0;0;720.6521;1.082218;720.6521;89.90977;0;0;720.6521;1.029177;720.6521;91.22074;0;0;720.6521;1.432347;720.6521;91.44151;0;0
721.3187;0.2590918;721.3187;83.40829;0;0;721.3187;0.2590103;721.3187;83.48202;0;0;721.3187;0.273428;721.3187;81.2718;0;0;721.3354;1.55638;721.3354;100.9697;0;0;721.3354;1.081369;721.3354;90.07877;0;0;721.3354;1.027166;721.3354;91.25385;0;0;721.3521;1.433196;721.3521;91.61218;0;0
730.6688;0.259173;730.6688;83.19337;0;0;730.6688;0.258817;730.6688;83.32928;0;0;730.6521;0.2741513;730.6521;81.28819;0;0;730.6521;1.557333;730.6521;100.7972;0;0;730.6521;1.083088;730.6521;90.096;0;0;730.6521;1.032891;730.6521;91.35722;0;0;730.6521;1.433034;730.6521;91.62553;0;0
731.3187;0.260152;731.3187;83.44788;0;0;731.3187;0.2592508;731.3187;83.50317;0;0;731.3354;0.2739834;731.3354;81.36361;0;0;731.3354;1.558942;731.3354;101.0132;0;0;731.3354;1.084846;731.3354;90.05376;0;0;731.3521;1.031674;731.3521;91.45377;0;0;731.3521;1.437163;731.3521;91.79102;0;0
740.6688;0.2586873;740.6688;83.28007;0;0;740.6688;0.2607003;740.6688;83.44154;0;0;740.6688;0.2766488;740.6688;81.36198;0;0;740.6521;1.555662;740.6521;100.8478;0;0;740.6521;1.08356;740.6521;90.17586;0;0;740.6521;1.03302;740.6521;91.5306;0;0;740.6521;1.435586;740.6521;91.80788;0;0
741.3187;0.259737;741.3187;83.4886;0;0;741.3187;0.2606438;741.3187;83.59033;0;0;741.3354;0.2732364;741.3354;81.4745;0;0;741.3354;1.560276;741.3354;101.0045;0;0;741.3354;1.081566;741.3354;90.29687;0;0;741.3521;1.031443;741.3521;91.59819;0;0;741.3521;1.436363;741.3521;92.01544;0;0
750.6688;0.2596853;750.6688;83.40807;0;0;750.6688;0.2603772;750.6688;83.60144;0;0;750.6688;0.2740009;750.6688;81.40504;0;0;750.6688;1.557221;750.6688;100.9548;0;0;750.6521;1.083545;750.6521;90.23298;0;0;750.6521;1.035894;750.6521;91.63248;0;0;750.6521;1.440406;750.6521;91.97955;0;0
751.3187;0.2592207;751.3187;83.48769;0;0;751.3187;0.2598853;751.3187;83.70554;0;0;751.3354;0.2728709;751.3354;81.40858;0;0;751.3354;1.554653;751.3354;101.0932;0;0;751.3354;1.083205;751.3354;90.43213;0;0;751.3521;1.033573;751.3521;91.71474;0;0;751.3521;1.437202;751.3521;92.1346;0;0
760.6688;0.2601336;760.6688;83.38562;0;0;760.6688;0.261433;760.6688;83.40543;0;0;760.6688;0.2727549;760.6688;81.38139;0;0;760.6688;1.555983;760.6688;101.0553;0;0;760.6688;1.083924;760.6688;90.21272;0;0;760.6688;1.038238;760.6688;91.8083;0;0;760.6521;1.436131;760.6521;92.08085;0;0
761.3187;0.2601998;761.3187;83.55022;0;0;761.3354;0.2611455;761.3354;83.52863;0;0;761.3354;0.272207;761.3354;81.43748;0;0;761.3354;1.554364;761.3354;101.1179;0;0;761.3521;1.082963;761.3521;90.3316;0;0;761.3521;1.035512;761.3521;91.87856;0;0;761.3521;1.439016;761.3521;92.2747;0;0
770.6688;0.2593713;770.6688;83.44833;0;0;770.6688;0.2632731;770.6688;83.29967;0;0;770.6688;0.2743239;770.6688;81.38789;0;0;770.6688;1.55478;770.6688;101.0593;0;0;770.6688;1.084256;770.6688;90.14089;0;0;770.6688;1.03985;770.6688;91.99686;0;0;770.6688;1.438047;770.6688;92.24059;0;0
771.3187;0.2604175;771.3187;83.63502;0;0;771.3354;0.2609805;771.3354;83.28824;0;0;771.3354;0.275942;771.3354;81.49854;0;0;771.3354;1.554647;771.3354;101.1042;0;0;771.3521;1.083175;771.3521;90.12812;0;0;771.3521;1.039908;771.3521;92.06709;0;0;771.3521;1.440005;771.3521;92.44998;0;0
780.6521;0.2598007;780.6521;83.47913;0;0;780.6521;0.2626132;780.6521;83.243;0;0;780.6521;0.2767537;780.6521;81.47678;0;0;780.6521;1.554369;780.6521;100.9098;0;0;780.6521;1.084345;780.6521;90.0463;0;0;780.6521;1.041616;780.6521;92.19822;0;0;780.6521;1.440135;780.6521;92.41604;0;0
781.3021;0.259187;781.3021;83.68585;0;0;781.3187;0.2609352;781.3187;83.38473;0;0;781.3187;0.2721883;781.3187;81.56805;0;0;781.3187;1.555807;781.3187;101.1683;0;0;781.3354;1.083125;781.3354;90.10571;0;0;781.3354;1.042746;781.3354;92.2868;0;0;781.3354;1.43912;781.3354;92.55263;0;0
790.6521;0.2601081;790.6521;83.52011;0;0;790.6521;0.2627571;790.6521;83.38406;0;0;790.6521;0.2745348;790.6521;81.50576;0;0;790.6521;1.554889;790.6521;100.9593;0;0;790.6521;1.083201;790.6521;90.06262;0;0;790.6521;1.043852;790.6521;92.38092;0;0;790.6521;1.444042;790.6521;92.61419;0;0
791.3187;0.2606442;791.3187;83.66633;0;0;791.3187;0.2627693;791.3187;83.56458;0;0;791.3187;0.2738536;791.3187;81.60391;0;0;791.3354;1.558071;791.3354;101.1469;0;0;791.3354;1.082476;791.3354;90.2016;0;0;791.3354;1.04616;791.3354;92.5024;0;0;791.3521;1.445292;791.3521;92.77061;0;0
800.6521;0.260393;800.6521;83.57502;0;0;800.6521;0.263971;800.6521;83.43968;0;0;800.6521;0.2745982;800.6521;81.52547;0;0;800.6521;1.553209;800.6521;101.1556;0;0;800.6521;1.083453;800.6521;90.14323;0;0;800.6521;1.047393;800.6521;92.60828;0;0;800.6521;1.442075;800.6521;92.67575;0;0
801.3187;0.2602018;801.3187;83.71637;0;0;801.3187;0.2640978;801.3187;83.44291;0;0;801.3187;0.2749954;801.3187;81.57784;0;0;801.3354;1.557419;801.3354;101.1763;0;0;801.3354;1.082289;801.3354;90.24036;0;0;801.3354;1.047891;801.3354;92.68368;0;0;801.3521;1.442556;801.3521;92.85093;0;0
810.6521;0.2614784;810.6521;83.63139;0;0;810.6521;0.2660306;810.6521;83.27355;0;0;810.6521;0.2759793;810.6521;81.46949;0;0;810.6521;1.55413;810.6521;101.1519;0;0;810.6521;1.082281;810.6521;90.12254;0;0;810.6521;1.050303;810.6521;92.72217;0;0;810.6521;1.443232;810.6521;92.80633;0;0
811.3187;0.261016;811.3187;83.77477;0;0;811.3187;0.2642228;811.3187;83.23009;0;0;811.3187;0.2747822;811.3187;81.66848;0;0;811.3354;1.553605;811.3354;101.2135;0;0;811.3354;1.083598;811.3354;90.25887;0;0;811.3354;1.050639;811.3354;92.83344;0;0;811.3521;1.443581;811.3521;92.98141;0;0
820.6521;0.2617436;820.6521;83.62683;0;0;820.6521;0.2664216;820.6521;83.17953;0;0;820.6521;0.2734087;820.6521;81.61349;0;0;820.6521;1.556553;820.6521;100.9486;0;0;820.6521;1.084723;820.6521;90.19132;0;0;820.6521;1.053605;820.6521;92.95455;0;0;820.6521;1.440468;820.6521;93.06084;0;0
821.3187;0.2614418;821.3187;83.81933;0;0;821.3187;0.2682933;821.3187;83.24598;0;0;821.3187;0.2747647;821.3187;81.66529;0;0;821.3354;1.553143;821.3354;101.2442;0;0;821.3354;1.083583;821.3354;90.41325;0;0;821.3354;1.052486;821.3354;93.04034;0;0;821.3521;1.442795;821.3521;93.12126;0;0
830.6688;0.2619679;830.6688;83.61672;0;0;830.6521;0.2681751;830.6521;83.22762;0;0;830.6521;0.2748449;830.6521;81.58398;0;0;830.6521;1.554496;830.6521;101.0704;0;0;830.6521;1.082422;830.6521;90.30196;0;0;830.6521;1.056069;830.6521;93.19868;0;0;830.6521;1.44196;830.6521;93.15936;0;0
831.3187;0.2619497;831.3187;83.86629;0;0;831.3187;0.2676241;831.3187;83.34044;0;0;831.3354;0.2768819;831.3354;81.71525;0;0;831.3354;1.557784;831.3354;101.2602;0;0;831.3354;1.084676;831.3354;90.32713;0;0;831.3521;1.055847;831.3521;93.2849;0;0;831.3521;1.444273;831.3521;93.22555;0;0
840.6688;0.262584;840.6688;83.72495;0;0;840.6688;0.2687805;840.6688;83.27306;0;0;840.6521;0.2736931;840.6521;81.57241;0;0;840.6521;1.555641;840.6521;101.1299;0;0;840.6521;1.081933;840.6521;90.32212;0;0;840.6521;1.059371;840.6521;93.38036;0;0;840.6521;1.443506;840.6521;92.88206;0;0
841.3187;0.2625245;841.3187;83.83525;0;0;841.3187;0.2683045;841.3187;83.33825;0;0;841.3354;0.2770689;841.3354;81.74657;0;0;841.3354;1.554806;841.3354;101.2311;0;0;841.3354;1.083671;841.3354;90.44955;0;0;841.3521;1.059683;841.3521;93.50716;0;0;841.3521;1.440994;841.3521;92.81689;0;0
850.6688;0.263404;850.6688;83.77827;0;0;850.6688;0.2699347;850.6688;83.26457;0;0;850.6688;0.273541;850.6688;81.60914;0;0;850.6688;1.555418;850.6688;101.0611;0;0;850.6521;1.085068;850.6521;90.42197;0;0;850.6521;1.062385;850.6521;93.52251;0;0;850.6521;1.443042;850.6521;92.9138;0;0
851.3187;0.2625382;851.3187;83.82079;0;0;851.3187;0.269876;851.3187;83.45599;0;0;851.3354;0.2770937;851.3354;81.71982;0;0;851.3354;1.559828;851.3354;101.2704;0;0;851.3354;1.085634;851.3354;90.59625;0;0;851.3521;1.061769;851.3521;93.7419;0;0;851.3521;1.443028;851.3521;92.89249;0;0
860.6688;0.2629493;860.6688;83.66438;0;0;860.6688;0.2687068;860.6688;83.28859;0;0;860.6688;0.2784633;860.6688;81.67387;0;0;860.6688;1.551767;860.6688;101.1865;0;0;860.6688;1.082637;860.6688;90.53506;0;0;860.6688;1.063475;860.6688;93.93323;0;0;860.6521;1.444486;860.6521;93.10643;0;0
861.3187;0.2630666;861.3187;83.93237;0;0;861.3187;0.2696829;861.3187;83.42282;0;0;861.3354;0.2759205;861.3354;81.77136;0;0;861.3354;1.555697;861.3354;101.4175;0;0;861.3354;1.082168;861.3354;90.56795;0;0;861.3521;1.066978;861.3521;94.00192;0;0;861.3521;1.439942;861.3521;93.24795;0;0
870.6688;0.2631504;870.6688;83.73973;0;0;870.6688;0.2709656;870.6688;83.42155;0;0;870.6688;0.2753491;870.6688;81.72028;0;0;870.6688;1.554507;870.6688;101.2175;0;0;870.6688;1.084276;870.6688;90.49863;0;0;870.6688;1.067164;870.6688;94.25315;0;0;870.6521;1.445427;870.6521;93.15181;0;0
871.3187;0.2638228;871.3187;83.88406;0;0;871.3354;0.2698045;871.3354;83.42572;0;0;871.3354;0.2757933;871.3354;81.83627;0;0;871.3354;1.554069;871.3354;101.3722;0;0;871.3521;1.084392;871.3521;90.58618;0;0;871.3521;1.068562;871.3521;94.27453;0;0;871.3521;1.444797;871.3521;93.17728;0;0
880.6688;0.2643584;880.6688;83.72714;0;0;880.6688;0.2699686;880.6688;83.30413;0;0;880.6688;0.2786995;880.6688;81.67901;0;0;880.6688;1.553856;880.6688;100.9887;0;0;880.6688;1.087232;880.6688;90.5983;0;0;880.6688;1.069177;880.6688;94.27407;0;0;880.6688;1.441876;880.6688;92.89294;0;0
881.3187;0.2645541;881.3187;83.93094;0;0;881.3354;0.2685188;881.3354;83.5694;0;0;881.3354;0.2771361;881.3354;81.86724;0;0;881.3354;1.552627;881.3354;101.0244;0;0;881.3521;1.086492;881.3521;90.82191;0;0;881.3521;1.069427;881.3521;94.53133;0;0;881.3521;1.444587;881.3521;92.80299;0;0
890.6521;0.2647263;890.6521;83.90612;0;0;890.6521;0.2692683;890.6521;83.39164;0;0;890.6521;0.2787005;890.6521;81.70944;0;0;890.6521;1.55462;890.6521;101.0513;0;0;890.6521;1.087652;890.6521;90.8336;0;0;890.6521;1.074527;890.6521;94.5732;0;0;890.6521;1.440257;890.6521;92.96976;0;0
891.3021;0.264853;891.3021;84.03104;0;0;891.3187;0.2686081;891.3187;83.59701;0;0;891.3187;0.27769;891.3187;81.83707;0;0;891.3187;1.555053;891.3187;101.2857;0;0;891.3354;1.085882;891.3354;90.93436;0;0;891.3354;1.07197;891.3354;94.77594;0;0;891.3354;1.437844;891.3354;92.99177;0;0
900.6521;0.2653098;900.6521;84.06718;0;0;900.6521;0.2681413;900.6521;83.4909;0;0;900.6521;0.2795483;900.6521;81.83636;0;0;900.6521;1.554376;900.6521;101.1546;0;0;900.6521;1.085052;900.6521;90.87724;0;0;900.6521;1.075074;900.6521;94.98632;0;0;900.6521;1.438439;900.6521;93.01736;0;0
901.3021;0.2660985;901.3021;84.14105;0;0;901.3187;0.2689882;901.3187;83.57656;0;0;901.3187;0.2787673;901.3187;81.94559;0;0;901.3187;1.552029;901.3187;101.3607;0;0;901.3354;1.086928;901.3354;90.97208;0;0;901.3354;1.076961;901.3354;95.02402;0;0;901.3354;1.43927;901.3354;93.03122;0;0
910.6521;0.2670166;910.6521;83.99312;0;0;910.6521;0.2683494;910.6521;83.49979;0;0;910.6521;0.2803676;910.6521;81.89382;0;0;910.6521;1.552193;910.6521;101.1486;0;0;910.6521;1.086211;910.6521;90.97086;0;0;910.6521;1.076166;910.6521;95.21092;0;0;910.6521;1.440884;910.6521;92.9521;0;0
911.3187;0.2662038;911.3187;83.85656;0;0;911.3187;0.267651;911.3187;83.65026;0;0;911.3187;0.2763054;911.3187;81.95316;0;0;911.3354;1.549852;911.3354;101.2004;0;0;911.3354;1.086048;911.3354;91.05813;0;0;911.3354;1.075929;911.3354;95.33431;0;0;911.3521;1.439149;911.3521;93.06661;0;0
920.6521;0.2674212;920.6521;83.7082;0;0;920.6521;0.2676036;920.6521;83.55048;0;0;920.6521;0.2792341;920.6521;81.88795;0;0;920.6521;1.551988;920.6521;100.9574;0;0;920.6521;1.085502;920.6521;91.14684;0;0;920.6521;1.07979;920.6521;95.41103;0;0;920.6521;1.436464;920.6521;93.03247;0;0
921.3187;0.2676888;921.3187;83.75709;0;0;921.3187;0.268013;921.3187;83.7281;0;0;921.3187;0.281534;921.3187;82.01911;0;0;921.3354;1.55323;921.3354;100.9987;0;0;921.3354;1.085376;921.3354;91.22237;0;0;921.3354;1.080201;921.3354;95.60287;0;0;921.3521;1.436984;921.3521;93.18931;0;0
930.6688;0.2690918;930.6688;83.8225;0;0;930.6521;0.2670202;930.6521;83.60452;0;0;930.6521;0.2808423;930.6521;81.88966;0;0;930.6521;1.549013;930.6521;100.9657;0;0;930.6521;1.086499;930.6521;91.30994;0;0;930.6521;1.079665;930.6521;95.71091;0;0;930.6521;1.437565;930.6521;93.11005;0;0
931.3187;0.2691831;931.3187;84.03043;0;0;931.3187;0.2690907;931.3187;83.68503;0;0;931.3354;0.2825128;931.3354;81.98913;0;0;931.3354;1.554519;931.3354;101.1459;0;0;931.3354;1.086055;931.3354;91.37404;0;0;931.3521;1.081102;931.3521;95.8336;0;0;931.3521;1.435328;931.3521;93.16024;0;0
940.6688;0.2703714;940.6688;84.04372;0;0;940.6688;0.2671127;940.6688;83.57343;0;0;940.6521;0.2832828;940.6521;81.93562;0;0;940.6521;1.554671;940.6521;100.9735;0;0;940.6521;1.087054;940.6521;91.38255;0;0;940.6521;1.082484;940.6521;96.05148;0;0;940.6521;1.437492;940.6521;93.103;0;0
941.3187;0.2695749;941.3187;84.05978;0;0;941.3187;0.2667518;941.3187;83.74132;0;0;941.3354;0.2836824;941.3354;81.99924;0;0;941.3354;1.549005;941.3354;101.051;0;0;941.3354;1.086479;941.3354;91.47821;0;0;941.3521;1.084559;941.3521;96.12367;0;0;941.3521;1.43946;941.3521;93.0661;0;0
950.6688;0.2706144;950.6688;83.9474;0;0;950.6688;0.266437;950.6688;83.6617;0;0;950.6688;0.2813371;950.6688;81.94068;0;0;950.6688;1.550044;950.6688;101.0032;0;0;950.6521;1.086903;950.6521;91.52413;0;0;950.6521;1.085369;950.6521;96.28466;0;0;950.6521;1.438243;950.6521;93.04062;0;0
951.3187;0.2709732;951.3187;83.90464;0;0;951.3187;0.2669145;951.3187;83.78473;0;0;951.3354;0.2832899;951.3354;82.09538;0;0;951.3354;1.548132;951.3354;101.1306;0;0;951.3354;1.086195;951.3354;91.65037;0;0;951.3521;1.084145;951.3521;96.39381;0;0;951.3521;1.437022;951.3521;93.19575;0;0
960.6688;0.2722336;960.6688;83.79265;0;0;960.6688;0.2655505;960.6688;83.68926;0;0;960.6688;0.2839633;960.6688;81.95472;0;0;960.6688;1.553709;960.6688;100.9863;0;0;960.6688;1.085851;960.6688;91.75441;0;0;960.6521;1.088433;960.6521;96.67868;0;0;960.6521;1.436092;960.6521;93.00195;0;0
961.3187;0.2725336;961.3187;83.85921;0;0;961.3187;0.264978;961.3187;83.85236;0;0;961.3354;0.2808711;961.3354;82.09583;0;0;961.3354;1.554282;961.3354;101.1907;0;0;961.3354;1.088516;961.3354;91.81742;0;0;961.3521;1.087792;961.3521;96.78023;0;0;961.3521;1.433918;961.3521;93.25813;0;0
970.6688;0.2742334;970.6688;83.87573;0;0;970.6688;0.2664739;970.6688;83.72456;0;0;970.6688;0.2878349;970.6688;82.01946;0;0;970.6688;1.5526;970.6688;101.083;0;0;970.6688;1.088058;970.6688;91.88625;0;0;970.6688;1.089409;970.6688;96.9874;0;0;970.6688;1.433537;970.6688;93.05713;0;0
971.3187;0.274612;971.3187;83.9867;0;0;971.3354;0.2669885;971.3354;83.88478;0;0;971.3354;0.2815697;971.3354;82.14143;0;0;971.3354;1.551662;971.3354;101.1778;0;0;971.3521;1.089964;971.3521;91.96249;0;0;971.3521;1.088112;971.3521;97.08798;0;0;971.3521;1.435085;971.3521;93.11084;0;0
980.6688;0.2749861;980.6688;83.95609;0;0;980.6688;0.2649623;980.6688;83.76294;0;0;980.6688;0.2832405;980.6688;82.06973;0;0;980.6688;1.55206;980.6688;101.0528;0;0;980.6688;1.089617;980.6688;91.96343;0;0;980.6688;1.090417;980.6688;97.13239;0;0;980.6688;1.428117;980.6688;93.02858;0;0
981.3187;0.2747141;981.3187;83.99107;0;0;981.3354;0.2656229;981.3354;83.84168;0;0;981.3354;0.2835561;981.3354;82.14562;0;0;981.3354;1.556309;981.3354;101.1419;0;0;981.3521;1.090778;981.3521;92.06972;0;0;981.3521;1.091583;981.3521;97.07959;0;0;981.3521;1.432959;981.3521;93.13606;0;0
990.6521;0.2772892;990.6521;83.96008;0;0;990.6521;0.2645199;990.6521;83.70803;0;0;990.6521;0.2844219;990.6521;82.08724;0;0;990.6521;1.555349;990.6521;101.1508;0;0;990.6521;1.090994;990.6521;92.13013;0;0;990.6521;1.091163;990.6521;97.17564;0;0;990.6521;1.435678;990.6521;92.99514;0;0
991.3021;0.2764849;991.3021;84.04858;0;0;991.3187;0.2652207;991.3187;83.8876;0;0;991.3187;0.2840621;991.3187;82.19757;0;0;991.3187;1.550754;991.3187;101.282;0;0;991.3354;1.088955;991.3354;92.27554;0;0;991.3354;1.091897;991.3354;97.12873;0;0;991.3354;1.431783;991.3354;93.09004;0;0
1000.652;0.2787166;1000.652;83.9305;0;0;1000.652;0.2635822;1000.652;83.79211;0;0;1000.652;0.2882769;1000.652;82.14043;0;0;1000.652;1.550868;1000.652;101.1881;0;0;1000.652;1.089101;1000.652;92.32748;0;0;1000.652;1.092113;1000.652;97.35033;0;0;1000.652;1.427981;1000.652;92.97424;0;0
1001.302;0.2786447;1001.302;84.1592;0;0;1001.319;0.2619119;1001.319;83.90898;0;0;1001.319;0.2833473;1001.319;82.16725;0;0;1001.319;1.55063;1001.319;101.3251;0;0;1001.335;1.08831;1001.335;92.54228;0;0;1001.335;1.0962;1001.335;97.56694;0;0;1001.335;1.429554;1001.335;93.07312;0;0
1010.652;0.2795944;1010.652;83.99624;0;0;1010.652;0.2629136;1010.652;83.78072;0;0;1010.652;0.2856972;1010.652;82.22732;0;0;1010.652;1.555034;1010.652;101.1468;0;0;1010.652;1.090516;1010.652;92.59287;0;0;1010.652;1.09594;1010.652;97.7984;0;0;1010.652;1.427341;1010.652;92.95325;0;0
1011.319;0.2794695;1011.319;84.11674;0;0;1011.319;0.263374;1011.319;83.98038;0;0;1011.319;0.2891103;1011.319;82.32777;0;0;1011.335;1.55124;1011.335;101.2987;0;0;1011.335;1.088684;1011.335;92.6672;0;0;1011.335;1.095599;1011.335;97.9121;0;0;1011.352;1.430949;1011.352;93.04971;0;0
1020.652;0.280559;1020.652;84.034;0;0;1020.652;0.261987;1020.652;83.76582;0;0;1020.652;0.2888876;1020.652;82.20485;0;0;1020.652;1.549734;1020.652;101.2018;0;0;1020.652;1.090271;1020.652;92.90487;0;0;1020.652;1.095888;1020.652;97.99981;0;0;1020.652;1.427786;1020.652;92.89805;0;0
1021.319;0.2800575;1021.319;84.10203;0;0;1021.319;0.2617335;1021.319;83.99081;0;0;1021.319;0.2898672;1021.319;82.18311;0;0;1021.335;1.552983;1021.335;101.258;0;0;1021.335;1.091016;1021.335;92.92674;0;0;1021.335;1.0968;1021.335;97.99945;0;0;1021.352;1.426918;1021.352;93.03548;0;0
